B1,B10,B11,B2,B3,B4,B5,B6,B7,landcover
0.12230211,294.3134,289.91718,0.0960278,0.07369281,0.05001837,0.32657698,0.15881792,0.06483868,0
0.12758398,294.9273,290.86554,0.100121,0.085449174,0.055148855,0.3808368,0.17574427,0.06888044,0
0.12355025,294.461,290.24756,0.095798135,0.07298578,0.04740587,0.34303418,0.14463739,0.054488562,0
0.12079251,294.50427,290.22095,0.093911394,0.07246858,0.04783787,0.3324971,0.15612124,0.061804853,0
0.12178382,294.6979,290.72357,0.09539884,0.0776583,0.05800832,0.31381413,0.16505396,0.07241601,0
0.12236084,294.7882,291.31296,0.09341048,0.07205026,0.046128888,0.30710787,0.13395031,0.052191146,0
0.1264337,294.76862,290.90143,0.101002805,0.0864286,0.0630614,0.35315007,0.16779378,0.073251806,0
0.12352137,294.60672,290.70105,0.09838989,0.081062354,0.053213134,0.3525245,0.16109778,0.06759067,0
0.1276073,294.5877,290.52527,0.10371246,0.08638053,0.05676478,0.383888,0.16982934,0.06378212,0
0.12215392,295.1503,290.9191,0.09604727,0.077261284,0.050472345,0.3697419,0.1680355,0.06568336,0
0.1221314,295.56723,290.8661,0.09645272,0.08011339,0.052930843,0.3759528,0.16498487,0.06348912,0
0.125426,295.04767,290.17212,0.10178087,0.08143398,0.0559307,0.35549018,0.16146849,0.0664937,0
0.12954621,295.39563,290.77368,0.10450807,0.085935354,0.06129796,0.35425782,0.1774661,0.0708925,0
0.1276182,295.0021,290.49286,0.10301533,0.08792685,0.06285985,0.36329743,0.17495811,0.07297246,0
0.12706034,294.48505,290.2387,0.10215979,0.08702038,0.05895635,0.3471353,0.166926,0.07122716,0
0.12660748,294.27167,289.97644,0.1017379,0.084606364,0.059191383,0.3597141,0.1592795,0.064615786,0
0.120061114,294.07812,289.72702,0.093329914,0.071159124,0.045686603,0.34470594,0.14819594,0.057145394,0
0.124788545,294.57703,290.43048,0.09887773,0.07650834,0.05466097,0.33492917,0.16016237,0.0665071,0
0.11971214,295.5015,291.3511,0.09420885,0.06597618,0.04471243,0.31402907,0.13910285,0.05304059,0
0.119743735,295.5015,291.4215,0.091339506,0.06489391,0.040421,0.30809042,0.14132984,0.05426184,0
0.12281445,294.976,291.0662,0.09637897,0.07770507,0.04883296,0.34736133,0.14934051,0.05517707,0
0.12903768,294.1604,290.34964,0.10273805,0.0824458,0.054700937,0.3298087,0.14835817,0.055903934,0
0.12291978,294.2503,290.49152,0.09712847,0.07490718,0.051494334,0.33184466,0.15678824,0.063971445,0
0.13037008,294.35443,290.75116,0.10491039,0.08717354,0.060598627,0.33031827,0.14912325,0.05945199,0
0.12291302,294.81732,291.0852,0.09579461,0.074958846,0.048060883,0.3393248,0.14561759,0.05157636,0
0.12287599,294.73553,291.09854,0.09602192,0.07647581,0.04874869,0.32931682,0.14768538,0.05657017,0
0.12072977,294.30243,290.01505,0.09390715,0.0721641,0.048242077,0.32806253,0.15659878,0.06138461,0
0.12100233,294.5724,290.21042,0.094259806,0.07858238,0.051225707,0.33967215,0.16263384,0.06616245,0
0.12236351,294.59247,290.54993,0.0954412,0.07592261,0.051745906,0.3301896,0.15167862,0.061504804,0
0.122151,294.5329,290.58826,0.0950816,0.07407077,0.049188994,0.32962924,0.1534824,0.0620942,0
0.120448604,295.19183,291.26013,0.09346559,0.07432651,0.048196096,0.30725232,0.1308175,0.047772452,0
0.119294055,295.387,291.24838,0.09439467,0.07674212,0.04989167,0.30612683,0.13088934,0.05045635,0
0.119294055,295.45035,291.27188,0.09411594,0.068949506,0.0471902,0.29731467,0.1363251,0.052417994,0
0.11915808,295.59158,291.31882,0.09158728,0.06319373,0.039630778,0.3049535,0.13484044,0.05040652,0
0.1184598,295.5502,291.38925,0.09088901,0.06355292,0.039103966,0.3116105,0.13752241,0.051053066,0
0.11857243,295.48932,291.39218,0.09104668,0.06384028,0.0397984,0.31357408,0.1338826,0.04813164,0
0.11789154,295.53317,291.16907,0.08906447,0.062403515,0.039175805,0.2987275,0.13230217,0.04870635,0
0.11889213,295.521,290.99265,0.08985285,0.063481085,0.040756244,0.29333964,0.13402627,0.05141226,0
0.1192476,295.47473,290.9662,0.09413917,0.074628465,0.049682625,0.29144788,0.13443336,0.051723555,0
0.12174611,295.14777,290.95587,0.09457984,0.070259124,0.04739706,0.31600437,0.14487922,0.05690985,0
0.13378978,294.95715,290.9603,0.10799684,0.09432213,0.072272085,0.3144106,0.16163068,0.07370229,0
0.12934272,293.80627,290.70105,0.102504715,0.08998624,0.058501065,0.3086891,0.14324552,0.053711083,0
0.12783287,294.14185,290.35114,0.101304516,0.08511587,0.055773653,0.33666635,0.15477231,0.06075137,0
0.12556735,294.61737,290.91125,0.099205226,0.08121516,0.053360015,0.3506017,0.16086745,0.06632145,0
0.12683013,294.99875,290.78653,0.09932507,0.08229283,0.05076318,0.357923,0.15868814,0.062132318,0
0.12357301,295.38455,291.3335,0.09877281,0.083545804,0.053970274,0.3847151,0.17145638,0.07087561,0
0.120667264,295.45035,290.79242,0.093028896,0.07004232,0.049376838,0.29207048,0.14398785,0.06175697,0
0.12075736,295.06967,290.97208,0.09532646,0.07636028,0.04779838,0.34267744,0.15402703,0.053249467,0
0.11960366,295.41382,290.94263,0.093953356,0.0722607,0.046604548,0.29307482,0.13067383,0.05004733,0
0.12409109,295.33823,291.19553,0.096768014,0.07736925,0.051587243,0.33922517,0.16109778,0.063318215,0
0.12575117,295.2748,291.29242,0.09969044,0.083604716,0.05445424,0.4101606,0.19594634,0.07140475,0
0.12828818,294.9014,289.71762,0.10131839,0.08883695,0.061977856,0.40099773,0.19455262,0.07392222,0
0.13310897,294.67297,287.93762,0.1080956,0.09121846,0.06777089,0.37961733,0.19254746,0.07382119,0
0.13287729,292.7309,288.92828,0.1087578,0.09089409,0.06702946,0.27317703,0.12325054,0.051208686,0
0.1330163,292.42102,288.69482,0.10885048,0.09119529,0.066959955,0.28874198,0.13009912,0.050355602,0
0.12963873,293.80606,290.03955,0.10406741,0.08653329,0.05762349,0.33020812,0.14342284,0.055680968,0
0.13229805,291.83646,287.10904,0.1085261,0.089990474,0.065870985,0.28826305,0.12769423,0.06554965,0
0.13292362,293.21893,289.84598,0.10871146,0.09161234,0.06614902,0.35222328,0.15986979,0.066334374,0
0.13215902,292.87054,289.81924,0.10864195,0.09059288,0.06573197,0.349999,0.15762235,0.066334374,0
0.12738602,293.84332,290.23428,0.10008107,0.08040283,0.054188672,0.34578216,0.15618584,0.070819415,0
0.12847245,295.23694,290.67932,0.10412684,0.08485243,0.05619749,0.37157074,0.17518175,0.06564064,0
0.12440649,295.35532,290.50922,0.09834327,0.08171271,0.056162562,0.38882926,0.17939036,0.066909716,0
0.122811586,295.6308,291.13492,0.09739168,0.0815156,0.054242313,0.36906832,0.17222854,0.06683959,0
0.122811586,295.6308,291.13492,0.09739168,0.0815156,0.054242313,0.36906832,0.17222854,0.06683959,0
0.122811586,295.6308,291.13492,0.09739168,0.0815156,0.054242313,0.36906832,0.17222854,0.06683959,0
0.122811586,295.6308,291.13492,0.09739168,0.0815156,0.054242313,0.36906832,0.17222854,0.06683959,0
0.13074103,295.33197,291.04544,0.1049887,0.08940869,0.06123896,0.362419,0.1892376,0.0783279,0
0.12866655,295.16055,290.91943,0.10459248,0.090657294,0.06300636,0.37414247,0.18604814,0.07645648,0
0.13046348,294.90076,290.70648,0.10519315,0.09056543,0.060903445,0.37828064,0.17658609,0.073225304,0
0.123451695,294.56744,290.62436,0.097878724,0.08059501,0.051312305,0.3634605,0.15875766,0.062327106,0
0.1235446,294.6926,291.02502,0.098807804,0.08210757,0.05432803,0.34988326,0.1650366,0.06261993,0
0.12238325,294.4053,290.94852,0.097251594,0.07920419,0.053902697,0.34684795,0.16309036,0.067962304,0
0.12352137,294.60672,290.70105,0.09838989,0.081062354,0.053213134,0.3525245,0.16109778,0.06759067,0
0.123451695,294.56744,290.62436,0.097878724,0.08059501,0.051312305,0.3634605,0.15875766,0.062327106,0
0.12386735,294.7943,290.7275,0.097914286,0.08153279,0.054147266,0.35477716,0.1679893,0.0661614,0
0.12911597,295.20398,290.9251,0.10452872,0.09041463,0.06061133,0.39105225,0.18733773,0.07142818,0
0.12319008,295.92447,291.691,0.098097056,0.085730985,0.05788177,0.38254476,0.1868687,0.07055123,0
0.12447368,295.98996,291.77585,0.09974139,0.08974454,0.060576983,0.38670692,0.19127628,0.07694603,0
0.123263,295.70544,290.8779,0.10099363,0.08234097,0.05319585,0.4001096,0.17466861,0.063712,0
0.12201379,295.93286,291.2838,0.09685847,0.07749902,0.051052775,0.38011453,0.17026123,0.0624973,0
0.12373042,295.78122,290.85135,0.097034834,0.07904077,0.050906852,0.37475103,0.16632806,0.064640835,0
0.12373042,295.78122,290.85135,0.097034834,0.07904077,0.050906852,0.37475103,0.16632806,0.064640835,0
0.12373042,295.78122,290.85135,0.097034834,0.07904077,0.050906852,0.37475103,0.16632806,0.064640835,0
0.12589625,295.7545,290.97794,0.09712377,0.07795957,0.052703183,0.37056413,0.16573615,0.0645571,0
0.12691252,295.72775,291.14264,0.10126987,0.083849594,0.056032944,0.36901337,0.17278592,0.06845824,0
0.12691252,295.72775,291.14264,0.10126987,0.083849594,0.056032944,0.36901337,0.17278592,0.06845824,0
0.12260443,295.30408,290.94263,0.09784928,0.08380314,0.05554377,0.3650976,0.17665944,0.06986807,0
0.12201878,295.31873,290.7836,0.09780254,0.081271395,0.054142218,0.3776568,0.17469053,0.0653612,0
0.12440649,295.35532,290.50922,0.09834327,0.08171271,0.056162562,0.38882926,0.17939036,0.066909716,0
0.12778161,295.72723,290.98886,0.10234375,0.08277844,0.054087102,0.3929193,0.17821753,0.06605008,0
0.13266392,295.61163,290.9339,0.1100145,0.09414895,0.073056385,0.3617662,0.18358594,0.08221182,0
0.123235136,296.00693,291.76123,0.09922589,0.07982916,0.054188672,0.40545285,0.17613782,0.064331844,0
0.12913673,295.99237,291.7232,0.10339047,0.08557307,0.054683384,0.39315408,0.17410395,0.068303786,0
0.12753744,295.9948,291.6998,0.10244441,0.08452119,0.056855924,0.39502367,0.17773256,0.06735384,0
0.12298228,295.89886,291.19684,0.0978699,0.07844532,0.05152995,0.3837335,0.17167675,0.06424807,0
0.120540634,295.90866,291.54565,0.09500596,0.08020544,0.051601835,0.38700584,0.17586374,0.06699777,0
0.121433124,295.86136,291.10736,0.096856736,0.07741896,0.051796287,0.36025134,0.1658955,0.063408315,0
0.11972593,295.93173,291.57956,0.09488172,0.078051046,0.050745435,0.36751723,0.16879198,0.06520869,0
0.121433124,295.8468,291.3335,0.09559677,0.07958138,0.04980312,0.38087788,0.1680355,0.062304582,0
0.12308006,295.82007,291.16025,0.09917944,0.07854522,0.05227518,0.38005486,0.1620936,0.06006511,0
0.12589625,295.7545,290.97794,0.09712377,0.07795957,0.052703183,0.37056413,0.16573615,0.0645571,0
0.12255401,295.83075,291.08038,0.09827333,0.08135523,0.05488608,0.3779685,0.17333421,0.064253934,0
0.123263,295.70544,290.8779,0.10099363,0.08234097,0.05319585,0.4001096,0.17466861,0.063712,0
0.123235136,296.00693,291.76123,0.09922589,0.07982916,0.054188672,0.40545285,0.17613782,0.064331844,0
0.122178115,294.47156,290.0506,0.095783286,0.071877,0.0474333,0.33984485,0.14950062,0.057180807,0
0.120593295,294.48633,290.2032,0.093771465,0.07279483,0.047586434,0.3472683,0.14838362,0.057153232,0
0.120593295,294.48633,290.2032,0.093771465,0.07279483,0.047586434,0.3472683,0.14838362,0.057153232,0
0.120593295,294.48633,290.2032,0.093771465,0.07279483,0.047586434,0.3472683,0.14838362,0.057153232,0
0.12355025,294.461,290.24756,0.095798135,0.07298578,0.04740587,0.34303418,0.14463739,0.054488562,0
0.12128933,294.45975,290.45874,0.09445885,0.07547413,0.048878558,0.33542085,0.15192412,0.058799077,0
0.12238325,294.4053,290.94852,0.097251594,0.07920419,0.053902697,0.34684795,0.16309036,0.067962304,0
0.12548766,294.71713,290.80716,0.10075503,0.083756685,0.059948977,0.3473345,0.1701845,0.070143335,0
0.1258673,294.90823,291.1867,0.101943456,0.081596576,0.059182484,0.30595922,0.14846577,0.062372155,0
0.123415336,294.61655,291.1632,0.09816463,0.077081084,0.054803703,0.30375618,0.1632884,0.068390034,0
0.12312199,294.5808,290.68542,0.09608814,0.07740331,0.056852505,0.3157317,0.15494649,0.06654714,0
0.12312199,294.5808,290.68542,0.09608814,0.07740331,0.056852505,0.3157317,0.15494649,0.06654714,0
0.122151,294.5329,290.58826,0.0950816,0.07407077,0.049188994,0.32962924,0.1534824,0.0620942,0
0.1258673,294.90823,291.1867,0.101943456,0.081596576,0.059182484,0.30595922,0.14846577,0.062372155,0
0.12454336,294.7294,290.7895,0.099458165,0.08373346,0.055791337,0.36204717,0.1667048,0.0705049,0
0.12079251,294.50427,290.22095,0.093911394,0.07246858,0.04783787,0.3324971,0.15612124,0.061804853,0
0.122178115,294.47156,290.0506,0.095783286,0.071877,0.0474333,0.33984485,0.14950062,0.057180807,0
0.13155435,295.57257,290.90765,0.10670188,0.08970918,0.06278738,0.35486627,0.178208,0.07333422,0
0.12887004,295.40436,290.96872,0.104161724,0.08591362,0.059496257,0.36259407,0.17620705,0.07266146,0
0.12231357,295.8128,291.35696,0.09732128,0.07911128,0.054281577,0.38731718,0.16669232,0.06352594,0
0.11937149,295.8249,291.55777,0.09398499,0.07639171,0.051031526,0.35207707,0.16685255,0.066036075,0
0.11663552,295.72894,291.5489,0.09065203,0.0722381,0.045516312,0.36457086,0.15659799,0.056416117,0
0.116068214,295.74957,291.51956,0.0902576,0.07080955,0.045403637,0.35449958,0.15647638,0.057095543,0
0.119378224,295.89896,291.58258,0.094363704,0.078887,0.05164837,0.35920143,0.16561714,0.063830115,0
0.124078825,295.71805,291.28656,0.10020143,0.08626521,0.056010712,0.3665091,0.17487635,0.068280615,0
0.1216809,295.00363,290.81305,0.09625,0.078995146,0.053863492,0.37342206,0.16792168,0.068194576,0
0.12977727,295.3794,291.07642,0.10343796,0.08875544,0.06276128,0.38013533,0.1854518,0.072923884,0
0.12547244,295.91718,291.7115,0.10054983,0.090306714,0.062009938,0.39034137,0.18984203,0.07363536,0
0.12758398,294.9273,290.86554,0.100121,0.085449174,0.055148855,0.3808368,0.17574427,0.06888044,0
0.12249559,295.67624,290.81274,0.09731494,0.07922451,0.051371574,0.39336646,0.17209299,0.06294663,0
0.11968088,295.92444,291.61768,0.09481207,0.08200968,0.05290634,0.3653264,0.17407316,0.06913498,0
0.11971536,295.9378,291.6045,0.09464173,0.08126779,0.052692115,0.3633306,0.17449643,0.06961535,0
0.11930644,295.89532,291.60315,0.09428595,0.07994056,0.052565213,0.35700226,0.17252779,0.06899151,0
0.11930644,295.89532,291.60315,0.09428595,0.07994056,0.052565213,0.35700226,0.17252779,0.06899151,0
0.12132049,295.8322,291.3834,0.095731914,0.07935613,0.049915746,0.3827024,0.16666955,0.06019318,0
0.121433124,295.8468,291.3335,0.09559677,0.07958138,0.04980312,0.38087788,0.1680355,0.062304582,0
0.120960094,295.8468,291.25717,0.096949644,0.07750906,0.04907872,0.38887432,0.16361892,0.058700558,0
0.120960094,295.8468,291.25717,0.096949644,0.07750906,0.04907872,0.38887432,0.16361892,0.058700558,0
0.12308006,295.82007,291.16025,0.09917944,0.07854522,0.05227518,0.38005486,0.1620936,0.06006511,0
0.1221314,295.56723,290.8661,0.09645272,0.08011339,0.052930843,0.3759528,0.16498487,0.06348912,0
0.12298228,295.89886,291.19684,0.0978699,0.07844532,0.05152995,0.3837335,0.17167675,0.06424807,0
0.12255401,295.83075,291.08038,0.09827333,0.08135523,0.05488608,0.3779685,0.17333421,0.064253934,0
0.12778161,295.72723,290.98886,0.10234375,0.08277844,0.054087102,0.3929193,0.17821753,0.06605008,0
0.12343149,295.66138,290.9976,0.09784496,0.080170885,0.051734783,0.3865165,0.17078084,0.06456691,0
0.12343149,295.66138,290.9976,0.09784496,0.080170885,0.051734783,0.3865165,0.17078084,0.06456691,0
0.119090505,295.76663,291.15143,0.093299195,0.075992756,0.047580842,0.35490504,0.15301552,0.053933173,0
0.119090505,295.76663,291.15143,0.093299195,0.075992756,0.047580842,0.35490504,0.15301552,0.053933173,0
0.11875263,295.72534,291.16614,0.09160981,0.07742701,0.048423182,0.3670457,0.16376227,0.06014765,0
0.11567507,295.8394,291.58978,0.089469336,0.07425649,0.046550926,0.35170472,0.15966141,0.06031673,0
0.11746869,295.77393,291.33643,0.08978527,0.075537436,0.048354883,0.34865516,0.15898935,0.059441905,0
0.12482209,295.77878,291.2748,0.09969044,0.0801565,0.0559307,0.37204802,0.16493934,0.0625504,0
0.12201162,295.80066,291.4684,0.0963922,0.07999391,0.053676005,0.38529283,0.16660126,0.06432115,0
0.120959066,295.8358,291.3194,0.096238434,0.081117615,0.05293069,0.39291573,0.1715716,0.06331433,0
0.12097914,295.8686,291.4547,0.09545784,0.08044827,0.051430758,0.39329398,0.17596893,0.06641639,0
0.120006755,295.8771,291.568,0.0940399,0.077235445,0.051061273,0.35476688,0.16681555,0.06425653,0
0.12156518,295.85522,291.55338,0.09643662,0.07989792,0.056293234,0.353668,0.1761348,0.068483315,0
0.12159079,295.8298,291.40097,0.096295044,0.08165369,0.052325938,0.37454832,0.17211062,0.06910718,0
0.12269453,295.28702,291.03677,0.09712847,0.08280438,0.055454828,0.3788938,0.17524798,0.07021091,0
0.12213912,295.55518,291.26013,0.09702151,0.08155504,0.05508101,0.36418176,0.18098095,0.072723396,0
0.12447368,295.98996,291.77585,0.09974139,0.08974454,0.060576983,0.38670692,0.19127628,0.07694603,0
0.12247616,294.57236,290.6332,0.09753032,0.085010946,0.056335416,0.36867365,0.16348425,0.06881352,0
0.1279515,294.53305,290.47675,0.10201772,0.08984655,0.06153392,0.37074706,0.17409131,0.07063803,0
0.12345671,294.59445,290.61252,0.097682014,0.08250734,0.054398555,0.37523198,0.16858138,0.06494613,0
0.12345671,294.59445,290.61252,0.097682014,0.08250734,0.054398555,0.37523198,0.16858138,0.06494613,0
0.12431634,294.43234,291.04855,0.099313416,0.08077521,0.05608764,0.33100718,0.16213898,0.070377566,0
0.11995395,294.84088,291.07916,0.09269845,0.06808549,0.04293301,0.3082407,0.13594654,0.051168963,0
0.12291302,294.81732,291.0852,0.09579461,0.074958846,0.048060883,0.3393248,0.14561759,0.05157636,0
0.122715175,294.84393,291.0691,0.09600861,0.07551134,0.04815776,0.3420722,0.14581499,0.051260393,0
0.12291302,294.81732,291.0852,0.09579461,0.074958846,0.048060883,0.3393248,0.14561759,0.05157636,0
0.12319344,294.71155,291.08527,0.09633541,0.07661608,0.049125202,0.3352188,0.1483953,0.05744359,0
0.12287599,294.73553,291.09854,0.09602192,0.07647581,0.04874869,0.32931682,0.14768538,0.05657017,0
0.12114957,294.90082,291.01755,0.09417498,0.07196248,0.044865526,0.3268554,0.13799465,0.05010401,0
0.11983769,294.92273,290.97626,0.09255925,0.06909189,0.042876456,0.33049166,0.13626704,0.04971584,0
0.121635556,295.01825,290.9985,0.094015375,0.07257594,0.04529217,0.33075458,0.13821805,0.04880136,0
0.121635556,295.01825,290.9985,0.094015375,0.07257594,0.04529217,0.33075458,0.13821805,0.04880136,0
0.12247356,294.83472,291.0984,0.09519455,0.07400769,0.047920607,0.32499278,0.14289804,0.054748006,0
0.12091555,295.20648,291.40683,0.09325655,0.07435554,0.04924131,0.31407598,0.14849044,0.060248364,0
0.12236084,294.7882,291.31296,0.09341048,0.07205026,0.046128888,0.30710787,0.13395031,0.052191146,0
0.12193851,294.56253,290.91873,0.094531715,0.07167943,0.04478585,0.30115017,0.12967815,0.04802631,0
0.11911449,295.5721,291.4303,0.08991954,0.068821065,0.045856763,0.29230994,0.15260844,0.064606555,0
0.11911449,295.5721,291.4303,0.08991954,0.068821065,0.045856763,0.29230994,0.15260844,0.064606555,0
0.11871425,295.52344,291.41272,0.0902583,0.06597148,0.041857764,0.3021997,0.14075513,0.05433368,0
0.11871425,295.52344,291.41272,0.0902583,0.06597148,0.041857764,0.3021997,0.14075513,0.05433368,0
0.11952633,295.43817,291.34525,0.09447051,0.06381633,0.040477704,0.3114668,0.13100907,0.048107695,0
0.119294055,295.387,291.24838,0.09439467,0.07674212,0.04989167,0.30612683,0.13088934,0.05045635,0
0.12385802,294.7475,291.07202,0.096822105,0.07685712,0.05022259,0.331298,0.14879887,0.0576403,0
0.12319344,294.71155,291.08527,0.09633541,0.07661608,0.049125202,0.3352188,0.1483953,0.05744359,0
0.12287599,294.73553,291.09854,0.09602192,0.07647581,0.04874869,0.32931682,0.14768538,0.05657017,0
0.12287599,294.73553,291.09854,0.09602192,0.07647581,0.04874869,0.32931682,0.14768538,0.05657017,0
0.12298419,294.86017,291.1147,0.09657115,0.0776358,0.04927271,0.34048957,0.14687243,0.05801914,0
0.123415336,294.61655,291.1632,0.09816463,0.077081084,0.054803703,0.30375618,0.1632884,0.068390034,0
0.12607634,294.0507,290.20172,0.10096792,0.082502425,0.05695269,0.3500685,0.1611673,0.06812489,0
0.12355025,294.461,290.24756,0.095798135,0.07298578,0.04740587,0.34303418,0.14463739,0.054488562,0
0.120593295,294.48633,290.2032,0.093771465,0.07279483,0.047586434,0.3472683,0.14838362,0.057153232,0
0.12656157,295.0643,290.91858,0.10050735,0.08370248,0.055162944,0.37406114,0.17012246,0.0660747,0
0.12228908,294.78085,290.7836,0.09631757,0.07757895,0.051585887,0.33797652,0.15090828,0.058907382,0
0.12236084,294.7882,291.31296,0.09341048,0.07205026,0.046128888,0.30710787,0.13395031,0.052191146,0
0.12932791,294.6458,290.97043,0.10306345,0.08144046,0.05503778,0.30820212,0.13806376,0.05327823,0
0.124705955,293.76422,289.86972,0.10061952,0.07702085,0.053004093,0.31199363,0.14343709,0.0523701,0
0.120698914,294.87518,291.03223,0.093763135,0.06928206,0.043867625,0.3243,0.14306703,0.054580458,0
0.123495966,295.18564,291.00885,0.09675705,0.075341046,0.049122673,0.33411565,0.15048161,0.05480218,0
0.12340525,295.10464,291.08234,0.09738827,0.07877917,0.050919347,0.34869766,0.15605113,0.06317595,0
0.123495966,295.18564,291.00885,0.09675705,0.075341046,0.049122673,0.33411565,0.15048161,0.05480218,0
0.12625201,295.36017,291.12204,0.10092147,0.08561485,0.06635964,0.29904398,0.14753978,0.063408315,0
0.12174611,295.14777,290.95587,0.09457984,0.070259124,0.04739706,0.31600437,0.14487922,0.05690985,0
0.1181895,295.46252,291.38925,0.09127194,0.06293033,0.038792666,0.30533662,0.13297264,0.04889792,0
0.117913775,295.51126,291.13968,0.08887448,0.06393606,0.039846294,0.29776967,0.13381076,0.04973603,0
0.117913775,295.51126,291.13968,0.08887448,0.06393606,0.039846294,0.29776967,0.13381076,0.04973603,0
0.11782484,295.47714,291.28656,0.090010524,0.062451407,0.038433474,0.29743442,0.12535779,0.04513838,0
0.11889213,295.521,290.99265,0.08985285,0.063481085,0.040756244,0.29333964,0.13402627,0.05141226,0
0.11789154,295.53317,291.16907,0.08906447,0.062403515,0.039175805,0.2987275,0.13230217,0.04870635,0
0.1192476,295.47473,290.9662,0.09413917,0.074628465,0.049682625,0.29144788,0.13443336,0.051723555,0
0.12558858,295.36993,291.16025,0.10159505,0.0816198,0.05883408,0.30842566,0.1467656,0.06717002,0
0.12194194,295.5721,291.39804,0.09771614,0.08398896,0.05655783,0.30959904,0.15301552,0.06324162,0
0.12873375,295.38153,290.65054,0.1046414,0.08641809,0.060323358,0.35731035,0.17057386,0.07036212,0
0.12503113,294.9963,289.8816,0.1009447,0.081596576,0.057812087,0.35166723,0.16573168,0.06932325,0
0.1271375,294.16058,289.83704,0.100769214,0.07636748,0.053614207,0.32619965,0.1636061,0.06887677,0
0.12079251,294.50427,290.22095,0.093911394,0.07246858,0.04783787,0.3324971,0.15612124,0.061804853,0
0.12163165,294.58737,290.49542,0.094313204,0.07613823,0.049152106,0.3331272,0.15457132,0.061836176,0
0.12280561,294.5973,290.57788,0.09680019,0.08149705,0.057991277,0.3429531,0.16855636,0.073418185,0
0.12126031,294.58844,290.32724,0.094009966,0.07496405,0.049197227,0.33622634,0.15358849,0.060856767,0
0.12166479,294.46222,290.18237,0.09493141,0.073574014,0.047408856,0.34540296,0.14949402,0.05634043,0
0.123215675,294.6269,290.6382,0.09709115,0.08072218,0.060955703,0.32501504,0.16210806,0.07039057,0
0.11782484,295.48203,291.41565,0.08987538,0.062834546,0.039774455,0.3053606,0.14152141,0.05342373,0
0.12136126,295.50882,291.39804,0.09660124,0.06777819,0.04579364,0.30330122,0.14257503,0.054597087,0
0.11782484,295.48203,291.41565,0.08987538,0.062834546,0.039774455,0.3053606,0.14152141,0.05342373,0
0.12145278,294.49295,290.22833,0.09434358,0.07234848,0.046635784,0.34811074,0.1478051,0.054774262,0
0.12072977,294.30243,290.01505,0.09390715,0.0721641,0.048242077,0.32806253,0.15659878,0.06138461,0
0.13262242,295.1259,289.97354,0.10468378,0.091801524,0.063142434,0.35048556,0.16594021,0.06994882,0
0.13262242,295.1259,289.97354,0.10468378,0.091801524,0.063142434,0.35048556,0.16594021,0.06994882,0
0.124705955,293.76422,289.86972,0.10061952,0.07702085,0.053004093,0.31199363,0.14343709,0.0523701,0
0.12166479,294.46222,290.18237,0.09493141,0.073574014,0.047408856,0.34540296,0.14949402,0.05634043,0
0.12832701,295.23022,290.50403,0.10343417,0.08634913,0.06170022,0.36243004,0.16848382,0.06989677,0
0.12954621,295.39563,290.77368,0.10450807,0.085935354,0.06129796,0.35425782,0.1774661,0.0708925,0
0.12804592,295.12653,290.91742,0.10194269,0.086438715,0.06147763,0.36264724,0.17918435,0.073715046,0
0.12449654,295.9851,291.691,0.09953867,0.085754216,0.057719182,0.39889288,0.19211707,0.07194535,0
0.12790854,295.5273,291.1074,0.103110045,0.08882075,0.06107357,0.39249322,0.1982518,0.082144395,0
0.12431634,295.97055,291.69687,0.09924584,0.08373346,0.05795145,0.38216183,0.19236484,0.07435554,0
0.1276182,295.0021,290.49286,0.10301533,0.08792685,0.06285985,0.36329743,0.17495811,0.07297246,0
0.12361428,294.83722,289.9142,0.09855231,0.08310633,0.056093287,0.35539752,0.16427201,0.0705049,0
0.12176892,294.22003,289.94083,0.093769535,0.07396951,0.048402898,0.3331383,0.15393549,0.060121827,0
0.12176892,294.22003,289.94083,0.093769535,0.07396951,0.048402898,0.3331383,0.15393549,0.060121827,0
0.12240794,295.70428,290.9046,0.09688945,0.08037036,0.05180148,0.39317554,0.17091163,0.06148994,0
0.12183397,295.7348,291.14124,0.09610359,0.08074167,0.052424192,0.39409083,0.17362295,0.06465623,0
0.12232631,295.7774,291.10266,0.09691903,0.0809852,0.054475956,0.37399733,0.17541298,0.06630655,0
0.12232631,295.7774,291.10266,0.09691903,0.0809852,0.054475956,0.37399733,0.17541298,0.06630655,0
0.12240794,295.70428,290.9046,0.09688945,0.08037036,0.05180148,0.39317554,0.17091163,0.06148994,0
0.12338036,295.63965,290.84103,0.098395415,0.08250427,0.055249147,0.39614302,0.1764566,0.065493375,0
0.12449654,295.9851,291.691,0.09953867,0.085754216,0.057719182,0.39889288,0.19211707,0.07194535,0
0.12087707,295.80176,291.26953,0.095739365,0.0804774,0.05216378,0.3921724,0.16754869,0.061292388,0
0.123419,295.58228,291.10587,0.09910442,0.08542445,0.057364024,0.3823076,0.18427065,0.07186332,0
0.12869143,295.59445,290.96994,0.10251451,0.088238925,0.058837675,0.40644652,0.19325638,0.073063925,0
0.12954621,295.39563,290.77368,0.10450807,0.085935354,0.06129796,0.35425782,0.1774661,0.0708925,0
0.12832701,295.23022,290.50403,0.10343417,0.08634913,0.06170022,0.36243004,0.16848382,0.06989677,0
0.12361428,294.83722,289.9142,0.09855231,0.08310633,0.056093287,0.35539752,0.16427201,0.0705049,0
0.12132276,294.3984,290.04028,0.09440334,0.07137187,0.047865413,0.329531,0.15345523,0.05911839,0
0.12118934,294.45636,290.04617,0.09511615,0.07165599,0.048785288,0.32699543,0.15675092,0.06244935,0
0.12230211,294.3134,289.91718,0.0960278,0.07369281,0.05001837,0.32657698,0.15881792,0.06483868,0
0.124705955,293.76422,289.86972,0.10061952,0.07702085,0.053004093,0.31199363,0.14343709,0.0523701,0
0.125426,295.04767,290.17212,0.10178087,0.08143398,0.0559307,0.35549018,0.16146849,0.0664937,0
0.12259166,295.75903,290.87488,0.09709674,0.08004725,0.05311651,0.3829551,0.17473015,0.06391485,0
0.12249559,295.67624,290.81274,0.09731494,0.07922451,0.051371574,0.39336646,0.17209299,0.06294663,0
0.12913673,295.99237,291.7232,0.10339047,0.08557307,0.054683384,0.39315408,0.17410395,0.068303786,0
0.13758071,295.97296,291.73782,0.114765674,0.095545694,0.07539188,0.36893952,0.19257057,0.078904934,0
0.13734901,295.97055,291.691,0.11211712,0.093881615,0.07345046,0.36766833,0.1859836,0.075579025,0
0.13758071,295.97296,291.73782,0.114765674,0.095545694,0.07539188,0.36893952,0.19257057,0.078904934,0
0.12112766,295.89893,291.3928,0.096121594,0.08100537,0.05370356,0.38265046,0.17575283,0.06764929,0
0.12198706,295.66522,291.0113,0.096636444,0.0834668,0.054574102,0.39493054,0.17657422,0.06807036,0
0.12087707,295.80176,291.26953,0.095739365,0.0804774,0.05216378,0.3921724,0.16754869,0.061292388,0
0.12087707,295.80176,291.26953,0.095739365,0.0804774,0.05216378,0.3921724,0.16754869,0.061292388,0
0.120366395,295.84555,291.35345,0.09500627,0.07914185,0.050673813,0.39114422,0.17246248,0.06347132,0
0.12083483,295.8346,291.2741,0.09527374,0.07924037,0.05105775,0.38920856,0.17100744,0.061829723,0
0.11826551,294.70325,290.6236,0.09115829,0.06952446,0.0446361,0.3266191,0.13986294,0.053065635,0
0.11880629,295.54047,291.29828,0.09325655,0.06980546,0.04714515,0.31568134,0.13891128,0.051053066,0
0.12045541,295.50394,291.27188,0.09492889,0.078669965,0.052562777,0.30971876,0.14317368,0.054357626,0
0.12194194,295.5721,291.39804,0.09771614,0.08398896,0.05655783,0.30959904,0.15301552,0.06324162,0
0.11782484,295.48203,291.41565,0.08987538,0.062834546,0.039774455,0.3053606,0.14152141,0.05342373,0
0.11846966,295.45523,291.38043,0.0901682,0.06350503,0.040085755,0.29120845,0.13687587,0.051484097,0
0.11952633,295.43817,291.34525,0.09447051,0.06381633,0.040477704,0.3114668,0.13100907,0.048107695,0
0.11936373,295.4674,291.125,0.09369786,0.074605234,0.04972908,0.3040196,0.1354391,0.051579878,0
0.12143094,295.47714,291.16907,0.09567216,0.07788025,0.051656924,0.31580105,0.1406833,0.05732652,0
0.12270902,294.6334,290.53076,0.09681478,0.07928354,0.05770173,0.33154047,0.15459156,0.06852519,0
0.12216538,294.6386,290.59702,0.0961021,0.07961008,0.059925046,0.3315388,0.15020885,0.06421578,0
0.11839222,295.52344,291.3012,0.09095658,0.062834546,0.038912397,0.3021518,0.13189508,0.047461152,0
0.11789154,295.53317,291.16907,0.08906447,0.062403515,0.039175805,0.2987275,0.13230217,0.04870635,0
0.117936015,295.56482,291.21606,0.08919962,0.06458261,0.040325217,0.30416328,0.13548699,0.050550196,0
0.11789154,295.53317,291.16907,0.08906447,0.062403515,0.039175805,0.2987275,0.13230217,0.04870635,0
0.11880629,295.54047,291.29828,0.09325655,0.06980546,0.04714515,0.31568134,0.13891128,0.051053066,0
0.118324645,295.5429,291.38043,0.09052861,0.063792385,0.040085755,0.30837777,0.1390789,0.053016644,0
0.12231357,295.59644,291.43616,0.09719605,0.07289141,0.04923999,0.29532716,0.15155482,0.061733022,0
0.1181895,295.46252,291.38925,0.09127194,0.06293033,0.038792666,0.30533662,0.13297264,0.04889792,0
0.12194194,295.5721,291.39804,0.09771614,0.08398896,0.05655783,0.30959904,0.15301552,0.06324162,0
0.12236351,294.59247,290.54993,0.0954412,0.07592261,0.051745906,0.3301896,0.15167862,0.061504804,0
0.12160744,294.5484,290.42322,0.09473348,0.07344364,0.048302412,0.335203,0.1487675,0.058217615,0
0.12186867,294.57745,290.4026,0.094564736,0.07403748,0.04844127,0.34493542,0.14772522,0.056448624,0
0.12072977,294.30243,290.01505,0.09390715,0.0721641,0.048242077,0.32806253,0.15659878,0.06138461,0
0.13261999,297.04,292.70538,0.113396086,0.0937409,0.079394035,0.13941078,0.08029546,0.0434233,1
0.13258737,296.84796,292.00244,0.11252966,0.094438985,0.07813814,0.13524383,0.10038842,0.050432894,1
0.13599925,296.9246,292.77505,0.114366546,0.09709527,0.07654498,0.19261357,0.08764981,0.050084546,1
0.13907681,297.29684,292.8737,0.11412913,0.1004258,0.08021666,0.18036987,0.12538004,0.059509058,1
0.13909279,297.36517,292.9853,0.11513823,0.09950791,0.081527844,0.18683554,0.12127114,0.058598306,1
0.13504595,297.42743,292.865,0.1110588,0.09250193,0.080056235,0.17623629,0.113761455,0.050781734,1
0.13740855,295.92133,291.7364,0.11452056,0.097132474,0.08206533,0.15897125,0.09653821,0.0552411,1
0.13810869,296.4057,291.77344,0.11544745,0.09926671,0.074457645,0.1446197,0.0901585,0.055590585,1
0.13726653,297.12167,292.72864,0.11488929,0.094783664,0.0794921,0.17235589,0.111802444,0.053836334,1
0.13887022,297.37833,292.7083,0.11607849,0.098895416,0.08710291,0.19545971,0.08488851,0.04522849,1
0.13756534,296.7273,292.32175,0.114661366,0.09654444,0.08328833,0.17424029,0.10998689,0.05086904,1
0.13364547,296.95105,292.79538,0.11194547,0.091378905,0.0715104,0.190938,0.10499403,0.05902222,1
0.13880023,297.0037,292.6341,0.11558242,0.098849714,0.07755722,0.17492276,0.12412943,0.059427008,1
0.13748887,296.76572,291.2337,0.11592285,0.098890774,0.08605355,0.15630014,0.088578515,0.051139195,1
0.13311931,297.2081,292.99252,0.11389541,0.097162776,0.07952744,0.12460258,0.0997481,0.055847887,1
0.13459474,297.32675,292.9476,0.112189166,0.094703436,0.07807185,0.14868394,0.06743745,0.035107397,1
0.13580325,297.06256,292.77057,0.11382966,0.09579149,0.07822873,0.13199382,0.083387375,0.0426725,1
0.1343758,297.0592,292.7083,0.114241645,0.0976175,0.07870481,0.16642411,0.100049295,0.058125388,1
0.1349613,297.31363,292.94037,0.11228648,0.09502971,0.077305555,0.14965937,0.07332615,0.03688111,1
0.13681632,295.8625,291.3244,0.11678314,0.09999363,0.08693738,0.14203417,0.082442574,0.050669566,1
0.13895625,297.43103,292.94617,0.11761256,0.10008801,0.07992498,0.17929055,0.12598759,0.055106908,1
0.13325158,297.2956,292.86487,0.11002028,0.09055555,0.07955466,0.16779193,0.12037399,0.054407835,1
0.13177592,297.35675,292.89398,0.110767074,0.09269918,0.07484872,0.14797415,0.12815106,0.053374268,1
0.13882284,295.60617,290.2757,0.116536826,0.09799534,0.074700475,0.16779096,0.10737051,0.06139396,1
0.13615641,296.17892,291.66064,0.110607795,0.08853285,0.07167818,0.12587276,0.08922757,0.054853097,1
0.1301444,297.2393,292.8563,0.10930164,0.090352364,0.070995964,0.15623794,0.070280485,0.039909273,1
0.13190717,297.24527,292.8954,0.11127591,0.0913996,0.07236183,0.14592218,0.11125758,0.05332385,1
0.13421783,297.1601,292.8766,0.11297459,0.09839799,0.074258216,0.15805581,0.11320179,0.06586277,1
0.1343714,297.24884,292.88666,0.114985585,0.098315164,0.08039312,0.16188069,0.11966483,0.05915745,1
0.13364223,295.5572,291.62,0.10929981,0.08704239,0.06615166,0.14413396,0.07606683,0.045221113,1
0.1291497,297.24887,293.05338,0.108028375,0.08975317,0.07757093,0.16415219,0.12925035,0.057829626,1
0.13665389,296.257,291.875,0.116722286,0.10384078,0.091178626,0.14331998,0.085817635,0.05324594,1
0.13522872,297.25958,292.85034,0.1145024,0.096769184,0.08887156,0.16370904,0.11750096,0.063805014,1
0.13523749,296.83405,291.3238,0.114290215,0.09662497,0.081233054,0.15564898,0.11164878,0.06039121,1
0.1320453,297.09146,292.95193,0.10893619,0.0929205,0.07349436,0.15879676,0.11399388,0.050155524,1
0.13441755,296.85,292.66763,0.11197587,0.09339823,0.072279476,0.12612444,0.060208727,0.031364653,1
0.135021,296.9847,292.62698,0.11417004,0.092733175,0.08180016,0.1355559,0.06822228,0.03888017,1
0.13457787,296.49805,291.03384,0.112172745,0.09569511,0.081899,0.1825887,0.08246448,0.03917904,1
0.13679427,295.5835,291.38776,0.11498925,0.10084124,0.08022028,0.1708274,0.093850985,0.04684993,1
0.13900071,296.4546,292.2225,0.11636706,0.09921044,0.08422563,0.16385187,0.10491119,0.049830947,1
0.1375107,296.7344,292.836,0.11574499,0.09601782,0.08416077,0.1788242,0.109339505,0.052403867,1
0.1351904,296.7066,292.78424,0.11262576,0.095306545,0.07074833,0.12888347,0.055981323,0.028607592,1
0.1364759,296.63318,292.50488,0.111321434,0.097812966,0.078549184,0.118938565,0.06828232,0.031157706,1
0.1380691,296.91498,292.74023,0.11461111,0.103344046,0.09927782,0.16645977,0.08257667,0.040704913,1
0.1331707,295.49222,291.59677,0.112087235,0.10064325,0.07315479,0.17587656,0.08186406,0.0355654,1
0.13633525,296.2169,291.5944,0.11583319,0.103430435,0.07915191,0.17362893,0.115740016,0.053063974,1
0.13654323,297.02798,292.62115,0.11941873,0.10420856,0.10664315,0.15703031,0.06720574,0.031661868,1
0.13324656,297.2393,292.8418,0.11282186,0.09761101,0.08047587,0.15835424,0.06496181,0.032738954,1
0.13616711,297.20566,292.9112,0.11435218,0.09605029,0.07818507,0.16048075,0.09356414,0.045684986,1
0.13563113,297.15045,292.83737,0.11317168,0.097292274,0.07991947,0.16592337,0.097149484,0.048446305,1
0.13814686,297.31598,292.78937,0.116984636,0.09848736,0.08438234,0.14152935,0.08276806,0.041692853,1
0.1377674,297.4909,292.9679,0.1162226,0.100547254,0.08475283,0.16643846,0.09649815,0.048390426,1
0.13730615,297.1649,292.76346,0.111473694,0.09666774,0.07386325,0.13903628,0.090969816,0.053052988,1
0.13924527,297.18408,292.8737,0.1149617,0.09608269,0.077757716,0.15646528,0.09968845,0.058302164,1
0.13943577,297.39508,292.95044,0.11712463,0.10004529,0.0833258,0.17111799,0.10188067,0.049503863,1
0.13709903,296.78253,292.25183,0.116219565,0.10637656,0.08682829,0.14564191,0.074066505,0.037099272,1
0.13253091,295.52344,290.74234,0.11136632,0.0914259,0.07157514,0.13928595,0.09963055,0.048693307,1
0.13290887,295.4528,290.73938,0.11116436,0.092099994,0.072568506,0.13888648,0.09978763,0.047750857,1
0.13804665,294.95227,290.3408,0.112847306,0.10246422,0.086277455,0.12500942,0.051677737,0.027600352,1
0.14025086,294.90176,290.19263,0.11774132,0.100517936,0.08934843,0.1266891,0.08560188,0.045463722,1
0.1381733,295.42355,290.57123,0.11345499,0.09668122,0.08643709,0.1565591,0.072052635,0.04007661,1
0.13551606,297.67267,293.00412,0.11254344,0.09831655,0.081181906,0.17456307,0.10191936,0.04999479,1
0.13775495,295.5502,290.6745,0.11884297,0.10026391,0.08672244,0.16382764,0.09525488,0.046741087,1
0.1382873,297.51004,292.97806,0.112872206,0.10215509,0.09532695,0.13250108,0.075753994,0.033660144,1
0.13779983,295.8929,290.78653,0.11965037,0.109513655,0.08379199,0.19523501,0.118905924,0.056053404,1
0.13672096,294.96747,290.34192,0.1190801,0.10560316,0.09186469,0.17489624,0.09730133,0.04940839,1
0.13496041,294.99664,290.38184,0.11286174,0.095247895,0.082627445,0.16607182,0.079178266,0.03834156,1
0.13549697,295.2922,290.66223,0.11287971,0.096431345,0.075522825,0.15111622,0.10998075,0.05323998,1
0.135836,294.96344,290.28876,0.11268306,0.09452203,0.07527345,0.1400762,0.08957868,0.04297714,1
0.13379174,294.95844,290.30048,0.112338796,0.0953934,0.072587654,0.17599797,0.10167053,0.046948157,1
0.13551013,295.28946,290.49445,0.11222268,0.08968032,0.07715794,0.16573645,0.07484872,0.03448764,1
0.13453187,295.41138,290.64206,0.11236557,0.102448255,0.085858464,0.16369829,0.0725897,0.031346478,1
0.13519901,296.66202,292.4708,0.11162466,0.096833676,0.08083575,0.21484448,0.13173133,0.06118725,1
0.13963985,297.3448,292.97226,0.11735761,0.10055056,0.08906163,0.18023038,0.10411509,0.05020412,1
0.13499491,294.9474,290.8808,0.11347722,0.10334387,0.07414329,0.16323577,0.10782194,0.058589045,1
0.13631052,297.56747,293.01862,0.11494461,0.10400882,0.07727229,0.21500817,0.14738208,0.06616124,1
0.13477051,297.41666,292.77505,0.11338829,0.10141562,0.07048131,0.3387439,0.14951316,0.0662678,1
0.13561094,295.3629,290.841,0.112672396,0.09953207,0.07341251,0.23681626,0.11709379,0.052009754,1
0.14282006,296.82053,291.9823,0.12120603,0.10596095,0.08632623,0.2588098,0.16128582,0.075107835,1
0.13690932,297.1844,292.82867,0.11600682,0.1011942,0.08212884,0.18202925,0.14263573,0.066535205,1
0.13554104,297.5172,293.03308,0.11394683,0.09969787,0.077993356,0.20436563,0.14864324,0.06971894,1
0.13662177,297.34,292.8621,0.1159215,0.100039214,0.0883031,0.1866951,0.106901444,0.051821202,1
0.13904518,297.47653,292.8534,0.11861305,0.10335971,0.08336959,0.18467434,0.11637028,0.054931436,1
0.13646531,297.53397,293.05322,0.11287337,0.09909853,0.07547888,0.24945045,0.14168492,0.062788546,1
0.13757086,297.31836,293.03137,0.11621404,0.09864958,0.08104853,0.2009745,0.11722945,0.052728005,1
0.13728876,297.49808,293.28482,0.11672325,0.09896869,0.076681614,0.15972304,0.0647823,0.03027063,1
0.1412106,297.37115,292.92587,0.11845714,0.102255955,0.09233777,0.18016763,0.10448827,0.049507532,1
0.13724051,295.17715,290.43832,0.1140452,0.095731154,0.08940365,0.12901813,0.080033034,0.038287483,1
0.1350074,296.33563,291.68024,0.112070955,0.09431109,0.077979356,0.12173493,0.07157341,0.035072427,1
0.13490102,294.66046,290.3053,0.11147232,0.101180255,0.07678966,0.15250918,0.059381224,0.03801604,1
0.13537674,294.8225,290.3792,0.11188075,0.1014655,0.07765986,0.10728586,0.03722682,0.019858789,1
0.13849783,295.21625,290.57123,0.11574198,0.10520655,0.08686819,0.107006036,0.04012149,0.022237357,1
0.13657731,295.30164,290.67157,0.11387742,0.099415064,0.08289668,0.1547864,0.048536234,0.025782768,1
0.13501735,295.1845,290.5063,0.11040907,0.09929795,0.082394645,0.13239194,0.05814026,0.030405266,1
0.13404289,294.58954,290.28754,0.11882425,0.10425053,0.08865882,0.1722625,0.092870645,0.06912265,1
0.1372365,294.73395,290.32007,0.11563932,0.10239505,0.0816329,0.13236465,0.06337192,0.033167392,1
0.13384986,294.6281,289.9578,0.11286066,0.09359639,0.07746684,0.13306387,0.0738969,0.03716091,1
0.135014,295.4016,290.5978,0.114048935,0.100996524,0.078287445,0.1636734,0.11837028,0.056565333,1
0.1327005,295.82172,291.4843,0.11136032,0.096965596,0.07477712,0.18844335,0.10826585,0.048601255,1
0.13290887,294.10248,291.28067,0.11327713,0.103010185,0.07627943,0.17241909,0.08914517,0.057709508,1
0.13317567,294.24045,290.07138,0.11258791,0.10281046,0.07605558,0.22878946,0.1305295,0.059251267,1
0.13246834,294.65527,290.0514,0.11045039,0.10237017,0.07938108,0.09189704,0.042836856,0.023078311,1
0.1345378,294.6364,289.9725,0.11410402,0.09873976,0.07772079,0.1428254,0.079146296,0.03982683,1
0.13457423,294.69342,290.31558,0.114259325,0.102035835,0.08155804,0.12551749,0.062454224,0.03558121,1
0.13555667,294.67923,290.06458,0.115083456,0.102522045,0.08774378,0.116912246,0.062864006,0.03186676,1
0.13558142,294.73218,290.21313,0.11552216,0.104632445,0.08767237,0.12999861,0.07537149,0.039130397,1
0.13434654,296.18793,291.67627,0.11319266,0.100966364,0.077439696,0.24043614,0.09919392,0.046485204,1
0.1308412,295.6743,290.78064,0.108163536,0.09818092,0.07123467,0.143071,0.091339536,0.046887126,1
0.1311747,297.5579,292.80698,0.10791898,0.096735775,0.0719873,0.15835701,0.07018009,0.03237922,1
0.13426508,296.3386,292.92007,0.11216548,0.10030791,0.087705955,0.16546464,0.11112417,0.056173753,1
0.13692833,295.55255,291.53537,0.116445795,0.09988079,0.08865075,0.1706401,0.089786306,0.04255999,1
0.13865854,295.5429,290.71283,0.11659713,0.101154596,0.08437182,0.17745914,0.10169497,0.049830947,1
0.1374012,295.88077,292.24582,0.11591647,0.100004025,0.08215287,0.17803335,0.10158277,0.052373357,1
0.13430242,293.96927,290.13953,0.11307703,0.10138082,0.07530052,0.15881735,0.102584414,0.052303065,1
0.13322014,293.94952,289.90234,0.11258791,0.102410994,0.07745977,0.17192982,0.1079821,0.06457722,1
0.13503695,294.1641,289.935,0.11228632,0.09955044,0.073323734,0.18627217,0.120409355,0.058383007,1
0.13724518,295.9024,291.7487,0.113536924,0.09851694,0.081912786,0.20733467,0.11475624,0.05883727,1
0.13793299,296.08423,291.7618,0.11651857,0.09916894,0.08260663,0.17322662,0.12551567,0.06004405,1
0.13872972,296.0988,291.6811,0.117086135,0.101932235,0.08691952,0.17804548,0.12103951,0.05772709,1
0.13829349,297.26086,293.1489,0.11432208,0.101203926,0.0786498,0.12839775,0.049770396,0.026635462,1
0.13803536,297.4693,293.00696,0.114346385,0.09998433,0.08177614,0.20325875,0.11662229,0.05227826,1
0.13596274,297.4765,293.3844,0.11515862,0.09950086,0.08187896,0.18116856,0.103413776,0.046379913,1
0.1390313,296.30273,291.86584,0.11607973,0.10110717,0.07760969,0.14564556,0.076797865,0.037107103,1
0.13966155,296.25085,291.92032,0.1177672,0.103087656,0.082468115,0.15499684,0.082187414,0.039216634,1
0.1401784,297.08084,292.61246,0.11531563,0.102098875,0.08423619,0.17449541,0.08987907,0.042193353,1
0.13925838,297.0304,292.7228,0.11441806,0.10133594,0.08047116,0.18297885,0.093046345,0.053935844,1
0.13735528,297.1817,293.05048,0.116903484,0.10323488,0.08471026,0.17949592,0.100159466,0.048935335,1
0.13494514,296.85,293.04178,0.112943634,0.09790272,0.07079043,0.21689487,0.0725395,0.036018748,1
0.13690504,295.89325,291.8714,0.11446507,0.10148119,0.07231807,0.20548129,0.08912445,0.04250125,1
0.13668956,295.90393,291.8632,0.11392152,0.09989166,0.07122553,0.18388802,0.09668802,0.04631827,1
0.13512877,295.92447,292.92007,0.11200147,0.09538952,0.06871347,0.18387543,0.06734789,0.028509779,1
0.13434266,296.0142,292.94037,0.11394534,0.09960383,0.08358644,0.18277948,0.09731338,0.048192333,1
0.13650599,296.89572,293.03598,0.11499832,0.104782775,0.08727018,0.21824603,0.1417407,0.0715857,1
0.13791202,295.28214,290.73938,0.11572276,0.103700735,0.087919414,0.17715737,0.08760308,0.043509826,1
0.13822165,297.1718,293.0968,0.11656962,0.10506447,0.08690524,0.19958124,0.116973214,0.05426193,1
0.1371398,297.36844,293.13007,0.11384976,0.09893052,0.08216549,0.18205199,0.08989727,0.043879114,1
0.14011955,297.39856,293.05768,0.11668447,0.09896432,0.086871244,0.19556019,0.103034124,0.047821403,1
0.13941078,297.52438,293.0997,0.11996217,0.10877785,0.09588318,0.21229729,0.16009982,0.070948176,1
0.13902801,297.57104,292.93454,0.11897537,0.10333676,0.088149294,0.20323205,0.12647256,0.06710948,1
0.134093,297.01117,292.91428,0.1140452,0.09682525,0.06770792,0.20483333,0.093765005,0.04261841,1
0.1369414,296.224,291.72205,0.1151776,0.09465527,0.07609752,0.18074694,0.09071639,0.049864307,1
0.1374676,296.2112,291.7702,0.1152437,0.09605813,0.07723257,0.16464797,0.07508254,0.042054042,1
0.13914618,295.25284,290.6155,0.11779808,0.098336555,0.08291779,0.19125603,0.08846019,0.048063844,1
0.1346761,296.27985,291.70746,0.11385983,0.099359155,0.08830109,0.1537299,0.091187224,0.042141143,1
0.13807431,297.2165,292.994,0.11590962,0.10000061,0.0788406,0.17789093,0.10709057,0.058376253,1
0.13737348,297.4992,293.04468,0.115225226,0.10203032,0.09308317,0.17070599,0.1052473,0.05438385,1
0.13789763,296.23907,291.80246,0.11490527,0.0951684,0.078382716,0.1651037,0.071853764,0.041705392,1
0.14035688,297.21753,293.03165,0.11795968,0.10115234,0.087097384,0.15600666,0.08453687,0.044638105,1
0.13988328,297.56506,292.99252,0.119552135,0.1046519,0.104316324,0.16055661,0.11806332,0.071891166,1
0.13907887,295.30164,290.6332,0.11545027,0.10180716,0.080108605,0.16608304,0.08069146,0.04495483,1
0.13738412,296.25366,291.65662,0.116156,0.09652591,0.076382555,0.16570571,0.08394393,0.04721587,1
0.13718228,295.94702,291.71136,0.114133835,0.10119933,0.07732907,0.17574298,0.09478398,0.052811608,1
0.13675281,297.54352,292.92877,0.11572051,0.09986307,0.08817467,0.1567666,0.11444946,0.06009887,1
0.1365432,297.59854,292.95486,0.11668525,0.09906626,0.08682568,0.15048516,0.10777264,0.057469606,1
0.1335386,297.51123,292.9389,0.11069905,0.09605277,0.07965152,0.2449671,0.1508145,0.073349774,1
0.134218,297.51,292.9389,0.11092687,0.09523007,0.07955308,0.2523015,0.14443354,0.069291465,1
0.13448673,297.46216,292.88528,0.11129899,0.10346292,0.08143947,0.19187371,0.15329194,0.08016996,1
0.1416594,297.8494,293.52167,0.11808945,0.101246186,0.08291779,0.18503231,0.073382355,0.043872472,1
0.13572556,296.99915,293.16626,0.11264536,0.098441266,0.07521335,0.19146782,0.07580253,0.038905267,1
0.13573523,295.76178,292.6967,0.11152072,0.09696838,0.074436076,0.19263853,0.063500084,0.037024405,1
0.13395382,294.96695,290.62436,0.112772696,0.09422517,0.0766401,0.14164029,0.089362346,0.043661166,1
0.13144149,295.9002,291.96286,0.10960869,0.09760287,0.07451748,0.14658502,0.08544099,0.043348,1
0.13328412,295.8741,292.0194,0.111609206,0.09966061,0.0769981,0.1721365,0.10735181,0.047006324,1
0.13264208,296.18378,291.40097,0.11054247,0.09762233,0.07683611,0.15484299,0.0859932,0.041540787,1
0.13609028,295.4455,290.6568,0.11724087,0.10729645,0.095905624,0.1864618,0.08022054,0.0404132,1
0.1343733,296.02292,291.75012,0.11263299,0.095980845,0.075291306,0.20789102,0.13193442,0.06023027,1
0.13439222,296.04144,292.48682,0.11304609,0.09468779,0.07690908,0.17109637,0.124875866,0.059504967,1
0.1363558,294.93494,290.29932,0.1123516,0.09997589,0.08200747,0.16746743,0.07044796,0.039421894,1
0.13994828,294.96317,290.36737,0.11737168,0.10275912,0.09108387,0.18212283,0.08995803,0.049670234,1
0.1376475,294.94543,290.23108,0.11591558,0.103993,0.08677265,0.1929673,0.081317976,0.046400003,1
0.13740218,295.04504,290.4676,0.11492586,0.09906563,0.07823156,0.14637434,0.11295372,0.054404877,1
0.13646075,295.12903,290.57056,0.11430016,0.101320885,0.07790482,0.18712933,0.12379084,0.058871143,1
0.13522814,294.99127,290.44232,0.11163209,0.09633814,0.07916018,0.18401411,0.10539313,0.056222193,1
0.13741836,294.56992,290.6863,0.11283247,0.1038887,0.08080144,0.1771845,0.09525488,0.047212314,1
0.13648303,297.57224,292.92587,0.11476878,0.09803549,0.081925936,0.15289249,0.12585227,0.063879944,1
0.1356647,295.9848,291.7207,0.114229485,0.09747457,0.07856533,0.20243993,0.13092256,0.060962517,1
0.13734719,296.02167,291.7517,0.11595252,0.10386559,0.09054448,0.17527592,0.098528296,0.05051638,1
0.13634335,295.011,290.49408,0.115129754,0.101931185,0.078748636,0.18058196,0.12242794,0.059144378,1
0.13792285,294.93933,290.2577,0.11549668,0.10457577,0.089475274,0.16540307,0.08650132,0.051971473,1
0.13801584,294.9311,290.21628,0.11531902,0.105343014,0.09148031,0.13871372,0.091743916,0.055614647,1
0.13976543,295.3821,290.56827,0.11565856,0.0989766,0.08957841,0.14118338,0.07673441,0.04069701,1
0.13564153,296.44943,291.8111,0.11364634,0.097127065,0.08423214,0.16212362,0.11095801,0.05581023,1
0.13591492,295.5867,290.70694,0.11596238,0.09842571,0.08567616,0.16747977,0.13838325,0.065455474,1
0.1349276,295.00363,290.3408,0.10991994,0.097048484,0.07184812,0.11819613,0.052350916,0.02634375,1
0.1367003,295.20892,290.5299,0.112943634,0.09779604,0.09093135,0.1176353,0.039291237,0.020756362,1
0.13631499,296.87854,291.9756,0.11609676,0.099152,0.07657522,0.15475759,0.11900793,0.056379933,1
0.13474211,296.51254,291.41272,0.1127213,0.09444681,0.07479023,0.15174404,0.08170107,0.03898057,1
0.13588624,296.48117,291.3775,0.11247416,0.08910648,0.074112035,0.14996554,0.07995127,0.038371224,1
0.13660659,295.64993,290.97586,0.11580728,0.09685585,0.0808849,0.15481144,0.09373053,0.045097932,1
0.13454613,296.50772,291.37457,0.11065805,0.08733904,0.071226165,0.13981526,0.07499219,0.037047304,1
0.13591737,296.33438,291.04633,0.11385634,0.09616631,0.08326308,0.1483992,0.071532525,0.035175405,1
0.13601539,296.62354,291.3335,0.114894055,0.09512089,0.077733934,0.14615919,0.09020604,0.042881526,1
0.13097413,296.89813,292.09714,0.1084565,0.09252442,0.07492521,0.18405019,0.09626465,0.04564156,1
0.1313414,296.84036,292.36813,0.10948141,0.09247448,0.07854775,0.18407516,0.09170947,0.043599583,1
0.13490516,296.72717,292.56595,0.11179826,0.0943131,0.07683724,0.15847388,0.09761101,0.046090346,1
0.13067263,296.37488,291.4948,0.10870246,0.092199855,0.07399142,0.18434979,0.093414865,0.04395861,1
0.13729902,296.0478,291.03897,0.11452581,0.099260375,0.08419727,0.15828744,0.09694423,0.049418468,1
0.13566808,296.7874,292.6938,0.114811204,0.09622215,0.0855716,0.14485338,0.09415536,0.045462046,1
0.13597701,296.5053,292.30118,0.11209785,0.09030243,0.07445831,0.13491687,0.074933015,0.034431368,1
0.13524333,296.5222,292.1992,0.11369568,0.094536826,0.08028182,0.14283113,0.08286838,0.042442136,1
0.13473469,296.61017,291.9041,0.11483443,0.1003385,0.086861864,0.14319934,0.09782545,0.05182431,1
0.13434568,296.64935,291.92395,0.11122523,0.096799225,0.07703443,0.1481038,0.10244651,0.051043138,1
0.13455571,296.60217,291.8728,0.11157705,0.09554902,0.075476825,0.12637238,0.08512085,0.04241529,1
0.13813642,297.0352,292.61826,0.11443953,0.09473601,0.08572372,0.13516444,0.07971816,0.045255613,1
0.13554806,296.5634,291.8274,0.11279221,0.09957051,0.07617237,0.13188058,0.08675277,0.040003035,1
0.13523412,296.48605,291.79495,0.11498547,0.09718316,0.08333392,0.14239074,0.09573388,0.044014584,1
0.13582362,296.51617,291.7923,0.114434704,0.10003089,0.08048413,0.13601395,0.09187862,0.04694558,1
0.13484198,296.93903,292.62988,0.11469433,0.09989982,0.07510469,0.16153075,0.10274679,0.04925875,1
0.1353413,296.74646,292.62988,0.1132205,0.094289996,0.074238405,0.15119478,0.08739697,0.038561143,1
0.13586593,296.10443,291.64374,0.11411457,0.09873975,0.06866054,0.15671554,0.08275865,0.04285908,1
0.13217518,296.6621,292.56015,0.10971985,0.08978527,0.07207479,0.12976448,0.07202227,0.032465994,1
0.134093,296.71997,292.70538,0.11015459,0.09454667,0.075522475,0.14083526,0.074037395,0.03331185,1
0.13657647,296.0536,291.61267,0.11461743,0.09986991,0.06856935,0.16350183,0.08043525,0.041938465,1
0.13629915,296.0996,291.6681,0.11343438,0.09866789,0.06758902,0.15780821,0.07355481,0.038144756,1
0.13421783,296.77054,292.73444,0.10839414,0.09260044,0.068041764,0.120155886,0.0657017,0.03419437,1
0.13377595,296.8861,292.70248,0.11143179,0.094267555,0.0709455,0.13078515,0.06249152,0.03359989,1
0.13603204,296.35883,291.7507,0.1135637,0.09812609,0.07674442,0.13632092,0.08378569,0.04147938,1
0.13305512,296.21106,291.7138,0.11162836,0.093611754,0.073529825,0.12273049,0.09303396,0.045217227,1
0.13355908,296.4663,291.8044,0.110681936,0.096620955,0.078281455,0.13774572,0.07129614,0.03233181,1
0.13504544,296.3523,290.726,0.11339996,0.10333009,0.080515586,0.18267556,0.088595405,0.048773386,1
0.13656464,295.5843,290.51218,0.115931384,0.09786716,0.08047116,0.14467862,0.07781854,0.056364015,1
0.13763818,296.1063,291.05444,0.11786502,0.10026391,0.08270507,0.1673305,0.08968576,0.053248487,1
0.13643102,295.93417,290.34964,0.11358839,0.100888066,0.07462282,0.16028245,0.08896429,0.05549242,1
0.13620752,296.5338,291.53387,0.11645843,0.10850303,0.08717332,0.17006466,0.08922434,0.045369774,1
0.13229543,296.74405,292.7257,0.107249744,0.08666423,0.064857356,0.10990708,0.0560236,0.029176975,1
0.13451535,296.2907,291.73834,0.11367172,0.099097595,0.07890451,0.1303803,0.070806846,0.03534116,1
0.13387644,296.40387,292.7141,0.1149566,0.09839145,0.07324192,0.14524285,0.08237086,0.0463455,1
0.13485394,296.03815,291.72327,0.11319705,0.0993514,0.078541026,0.13842325,0.060683753,0.032018967,1
0.13702737,296.17566,291.69656,0.117349595,0.10014963,0.08260831,0.12754643,0.06118417,0.030290794,1
0.13404275,296.83557,292.7112,0.11035655,0.09271924,0.07348006,0.13114184,0.090693556,0.046678405,1
0.13620621,296.0523,291.7113,0.11224115,0.09798162,0.06661207,0.15485743,0.08395496,0.041630093,1
0.13288663,295.7715,292.717,0.112150736,0.09765589,0.07291788,0.14015564,0.07156981,0.034981523,1
0.13278505,296.46677,292.80408,0.11199409,0.09560271,0.07836909,0.12354709,0.055552535,0.028671619,1
0.1310299,296.39746,292.64276,0.1119982,0.095626116,0.07846992,0.11949341,0.057006527,0.029341983,1
0.13367034,295.5721,292.1292,0.10821877,0.092976354,0.077569716,0.12748516,0.06608386,0.034591306,1
0.13156986,295.6451,292.70248,0.11203208,0.099181764,0.075957075,0.15565811,0.09557944,0.04767495,1
0.13647193,295.72607,291.8314,0.11649476,0.10538815,0.082536414,0.16487366,0.10700695,0.056340892,1
0.13625738,295.90805,291.77435,0.11231943,0.1020039,0.0699577,0.15825474,0.08937479,0.042405922,1
0.13870445,296.55356,291.28067,0.11787936,0.10413997,0.08816538,0.14188014,0.086202815,0.04132262,1
0.13768743,296.87244,292.07434,0.11785059,0.10535075,0.089995615,0.15368974,0.083364315,0.04110228,1
0.13867661,296.85574,292.05145,0.11840604,0.1053717,0.090187065,0.15879835,0.08536336,0.04169887,1
0.1396058,296.69696,291.9796,0.117948756,0.102476016,0.08431952,0.17217526,0.08143771,0.043366738,1
0.13773221,296.84637,292.32706,0.11594823,0.10522362,0.080211416,0.1413286,0.07443157,0.033287264,1
0.13850297,296.86203,291.57098,0.11787936,0.101845816,0.07817857,0.15021433,0.074211545,0.032441117,1
0.1398011,296.80426,291.60318,0.11863528,0.10690089,0.08037762,0.1735998,0.10200912,0.05585145,1
0.13889053,296.83316,292.3982,0.11706732,0.107210696,0.08317123,0.1452227,0.07901916,0.03797047,1
0.13653767,295.7211,291.61877,0.11549915,0.10207065,0.0798465,0.16836652,0.084914334,0.039034083,1
0.13924527,296.76334,291.52704,0.1175014,0.105397455,0.08078153,0.1714354,0.09222558,0.04843777,1
0.14009012,296.80667,291.48892,0.11834625,0.10324893,0.08701966,0.15703094,0.082844265,0.042028327,1
0.13768482,296.74512,291.88904,0.11730388,0.10507466,0.08651072,0.14481378,0.0900252,0.042822577,1
0.13669443,296.73053,291.9747,0.11640847,0.1047184,0.08640752,0.14107709,0.08650711,0.041576467,1
0.13628915,296.81094,292.0266,0.11586331,0.104488134,0.086074546,0.14987676,0.08969541,0.042884275,1
0.13577187,296.77484,291.9859,0.114733264,0.1038042,0.08556766,0.13713847,0.0860676,0.041486472,1
0.13740203,296.76172,291.98175,0.115998335,0.10446641,0.08624022,0.15810199,0.09066588,0.045369163,1
0.13770998,296.74255,291.98486,0.11740419,0.104140006,0.08557652,0.16001405,0.092702724,0.045221843,1
0.13774532,295.77216,291.59528,0.11694813,0.10486339,0.07989684,0.16172633,0.07543284,0.03502461,1
0.13795955,295.76495,291.623,0.116131425,0.10371171,0.07801349,0.1590549,0.07631701,0.0374083,1
0.1361883,297.44287,293.27026,0.11728716,0.1085908,0.090036154,0.11591824,0.0487452,0.025385523,1
0.1398802,296.43286,291.21902,0.11899071,0.10717249,0.093169294,0.17510104,0.08522451,0.044474717,1
0.13944742,296.6389,292.12405,0.117694646,0.10583556,0.0884088,0.15091184,0.08211497,0.04014318,1
0.13801089,296.63275,292.15784,0.116215736,0.10415213,0.08718787,0.14778884,0.077137746,0.03807911,1
0.13617042,295.72357,291.6548,0.11572685,0.099540964,0.074310616,0.20082054,0.087929636,0.03962816,1
0.13407001,295.71616,291.67123,0.113295555,0.09875922,0.079643115,0.16904303,0.084273525,0.038230285,1
0.13620484,295.73932,291.60657,0.11483559,0.10094246,0.07428496,0.20614603,0.099753335,0.046449676,1
0.13728152,295.76254,291.6053,0.116285175,0.10226385,0.0763535,0.19619104,0.09303058,0.043717097,1
0.13737823,296.83316,293.07074,0.11710121,0.10398378,0.07965956,0.14486238,0.060256284,0.034907743,1
0.13719104,296.58838,292.15222,0.11505849,0.09943484,0.083572924,0.14283204,0.07149705,0.032809015,1
0.13870636,296.55692,292.11847,0.11759956,0.10399681,0.08794308,0.1440731,0.063162655,0.031835385,1
0.13887174,296.54474,292.08188,0.118420795,0.1044184,0.086283326,0.14974013,0.06494281,0.0318953,1
0.13887174,296.54474,292.08188,0.118420795,0.1044184,0.086283326,0.14974013,0.06494281,0.0318953,1
0.1395792,296.47006,292.13013,0.11849296,0.10783175,0.082337715,0.2518838,0.10223313,0.046508074,1
0.1393293,296.6838,293.07944,0.11744737,0.10265446,0.07986093,0.116850585,0.04605882,0.019954635,1
0.13909471,296.39902,291.38632,0.11739024,0.105433635,0.0812438,0.18544179,0.111951716,0.053910967,1
0.13740993,296.5885,292.15125,0.11630669,0.10257827,0.08867198,0.13597721,0.06212344,0.030139353,1
0.13563864,296.5123,292.04297,0.11335154,0.093840644,0.07618226,0.14025505,0.068363965,0.031937063,1
0.1360215,296.78983,292.1992,0.111951716,0.09372018,0.07470911,0.15226832,0.08418769,0.037292358,1
0.13742414,296.6573,293.0273,0.116788715,0.09392677,0.08351598,0.10845656,0.054693278,0.025451574,1
0.13802093,296.597,293.03018,0.119791396,0.10439368,0.08777014,0.11145273,0.05366417,0.024522867,1
0.1379393,296.62833,292.14975,0.11689932,0.100415945,0.08657857,0.13990246,0.073223546,0.037452832,1
0.13772254,296.4884,291.2278,0.1169953,0.097174086,0.08252937,0.14288872,0.08258488,0.040781185,1
0.13662954,296.4751,291.6789,0.115024574,0.098798335,0.07960665,0.16148484,0.1016728,0.051252622,1
0.13548347,296.37482,291.53125,0.11435489,0.09667988,0.08281448,0.15307178,0.07771133,0.037617125,1
0.13648969,296.2296,291.3599,0.113864884,0.09723193,0.08249302,0.1521509,0.081795014,0.039859824,1
0.13629827,295.98175,291.20135,0.114516884,0.096138746,0.08351752,0.14112547,0.08351545,0.04055927,1
0.14219488,296.56134,292.07294,0.12230946,0.1060755,0.090142876,0.1458235,0.063118644,0.032774307,1
0.14179024,296.38245,291.8498,0.12042236,0.10414229,0.08780269,0.14494802,0.06803224,0.037222974,1
0.13786682,296.74887,291.98917,0.116411984,0.1006852,0.09035747,0.15019614,0.08437182,0.04146785,1
0.13646615,297.26328,292.68216,0.117078975,0.10322084,0.09415536,0.16188218,0.09916434,0.051821202,1
0.14040282,296.40887,291.9579,0.120537,0.1011792,0.085661024,0.14451128,0.060271062,0.031779967,1
0.13775566,296.69827,291.94534,0.11685664,0.101089105,0.07919394,0.15416995,0.06974138,0.034085315,1
0.13713536,296.45947,292.529,0.116718665,0.09970033,0.0776492,0.17353198,0.07327799,0.036570482,1
0.13672435,296.27057,292.4307,0.115048185,0.098073795,0.07195173,0.18373632,0.08465486,0.04109236,1
0.1370086,297.3902,293.07742,0.11697775,0.09893921,0.08256784,0.18260361,0.13054551,0.061657235,1
0.13697751,297.36395,292.74893,0.11696624,0.107410274,0.09432197,0.15925884,0.099585675,0.056008525,1
0.13874228,297.4861,292.78088,0.11813466,0.10325005,0.092724144,0.15643387,0.10132874,0.053562675,1
0.1384641,297.1079,292.33405,0.11617221,0.10042696,0.08023325,0.13988864,0.08301875,0.044275135,1
0.13902295,296.679,292.14963,0.11794606,0.10063215,0.089072034,0.15146941,0.0921487,0.045551907,1
0.13771115,297.51123,293.1731,0.11664451,0.103059694,0.08725329,0.17469251,0.11316098,0.060646288,1
0.13959429,297.5567,293.24976,0.11712165,0.10031788,0.09125546,0.16134214,0.10383644,0.05065054,1
0.14006789,296.53668,292.4729,0.11777443,0.103415385,0.08854553,0.17397296,0.11690247,0.057546888,1
0.12271861,293.25592,290.12027,0.09495,0.07532639,0.047345832,0.31158835,0.1176568,0.040982142,2
0.123042285,293.12674,290.1617,0.09491566,0.07421313,0.046563312,0.2692591,0.10038416,0.034616552,2
0.122435935,293.08447,290.1247,0.09479084,0.07337795,0.04627247,0.2914393,0.104961835,0.03879413,2
0.12252244,293.07837,290.13208,0.094404414,0.07389358,0.047299556,0.27037054,0.10404133,0.037783984,2
0.1223778,293.0921,290.13205,0.09523404,0.07431567,0.04748427,0.2782097,0.109520175,0.040854454,2
0.12253172,293.07843,290.12167,0.0952466,0.07301769,0.04635725,0.29145747,0.11103544,0.039020494,2
0.12267042,293.05853,290.10825,0.094900474,0.07407446,0.046821274,0.3108055,0.11541815,0.04045905,2
0.12157728,292.94775,290.0873,0.09376705,0.0720301,0.045175564,0.26864988,0.10141258,0.03703495,2
0.12644623,292.79575,290.03418,0.099660665,0.076625854,0.04878565,0.28726488,0.115483165,0.042998623,2
0.12644623,292.79575,290.03418,0.099660665,0.076625854,0.04878565,0.28726488,0.115483165,0.042998623,2
0.122855544,292.87805,290.10822,0.096710145,0.075737044,0.049055383,0.30850255,0.11581415,0.04507404,2
0.123959176,292.93158,290.06207,0.09651087,0.076721236,0.049265325,0.30254018,0.12195657,0.046718217,2
0.122310445,292.99884,290.03244,0.09484236,0.07312092,0.046359755,0.28798988,0.11187081,0.039764624,2
0.12092139,292.9976,290.00278,0.09417472,0.07349603,0.046479918,0.27508882,0.10236223,0.03536179,2
0.12434194,292.77948,289.92712,0.09838736,0.07909968,0.04968036,0.327591,0.12203859,0.04374692,2
0.12218891,292.81567,289.8844,0.094837755,0.07208875,0.046309263,0.26737496,0.104829624,0.038568087,2
0.122208714,292.97382,289.9587,0.094522655,0.07195364,0.04605595,0.25249115,0.09932268,0.035743974,2
0.12218891,292.81567,289.8844,0.094837755,0.07208875,0.046309263,0.26737496,0.104829624,0.038568087,2
0.12166182,292.70343,289.79953,0.09383179,0.069500074,0.045140307,0.25694734,0.10048966,0.037744857,2
0.123383075,292.8905,290.30826,0.09544414,0.07504278,0.047568806,0.3413453,0.12676974,0.044308,2
0.12261624,292.802,289.96307,0.09519109,0.0752615,0.047031045,0.3138458,0.11600271,0.03889173,2
0.122582555,292.8157,289.9793,0.095155425,0.076293625,0.047849,0.31139755,0.11797583,0.040690072,2
0.12213011,292.95526,290.0505,0.094916984,0.07641494,0.047734745,0.31560886,0.115907945,0.039947808,2
0.12270738,293.01498,290.08173,0.094657704,0.07469947,0.04797212,0.30408144,0.1181103,0.041840058,2
0.12188639,293.06097,290.10547,0.093925565,0.07167766,0.045288477,0.27617475,0.10606781,0.036611676,2
0.12326485,293.10687,290.01358,0.09515409,0.0743921,0.047108755,0.29233265,0.11654604,0.041434973,2
0.12244518,292.9638,289.9676,0.09547116,0.07200574,0.045401916,0.2675341,0.09940457,0.033929944,2
0.12237384,293.1093,289.98096,0.09439652,0.070423946,0.044859976,0.23924345,0.09378831,0.034843467,2
0.12411231,293.20868,290.0047,0.09617527,0.07604645,0.047926247,0.30143705,0.115532935,0.042288244,2
0.12324307,293.2249,290.05658,0.09538988,0.075257145,0.04752074,0.29894894,0.11464316,0.040692948,2
0.12320544,293.12805,290.10544,0.09500486,0.07326816,0.046161644,0.30454415,0.11169045,0.03867185,2
0.1227338,292.9577,290.01505,0.09503851,0.07485617,0.048089094,0.29532856,0.113164544,0.04044251,2
0.12181765,293.09198,290.05508,0.09453075,0.073464766,0.04604641,0.29917932,0.11280822,0.03901789,2
0.12209708,293.0771,290.0951,0.09421289,0.07259072,0.045217223,0.2893082,0.10599385,0.03723585,2
0.122928664,293.17883,290.23425,0.09533839,0.073859185,0.047353663,0.2958492,0.117640756,0.042662606,2
0.12401836,293.2582,290.24756,0.096347675,0.075975984,0.048141927,0.332435,0.13016284,0.045298047,2
0.124090075,293.30038,290.17065,0.0963972,0.077947274,0.048747562,0.30060273,0.12981236,0.050851226,2
0.12339458,293.2769,290.09213,0.095329136,0.0736261,0.046818256,0.2861971,0.11063227,0.04026633,2
0.12285666,293.27924,290.0506,0.0949685,0.07225111,0.04617185,0.2546912,0.10624051,0.038905375,2
0.1240578,293.21606,289.98987,0.09621289,0.07621423,0.048787348,0.27706784,0.116005674,0.042635024,2
0.12311563,293.15283,289.97653,0.095485725,0.07321519,0.047090355,0.2612707,0.10441998,0.039610766,2
0.12321599,293.16156,290.0595,0.095479734,0.07578304,0.04732165,0.32382035,0.12595299,0.043422632,2
0.124090075,293.30038,290.17065,0.0963972,0.077947274,0.048747562,0.30060273,0.12981236,0.050851226,2
0.12233362,293.0645,290.1499,0.09435421,0.07186708,0.045918185,0.25802642,0.09536684,0.033523194,2
0.12260172,293.0125,290.09482,0.0950273,0.075687855,0.047332905,0.315159,0.1220714,0.04337191,2
0.12231901,292.9403,290.062,0.095648855,0.07476784,0.048980832,0.31050643,0.12404394,0.044137366,2
0.121108346,293.5712,289.9083,0.09387751,0.07477348,0.046342958,0.28674045,0.11811195,0.042300727,2
0.1240578,293.21606,289.98987,0.09621289,0.07621423,0.048787348,0.27706784,0.116005674,0.042635024,2
0.12337719,293.16772,289.96912,0.095650196,0.073495604,0.046861548,0.27703267,0.111536294,0.0423431,2
0.12250131,293.0808,289.96317,0.09493579,0.07183175,0.04562471,0.27207714,0.10190411,0.036760464,2
0.122208714,292.97382,289.9587,0.094522655,0.07195364,0.04605595,0.25249115,0.09932268,0.035743974,2
0.12256344,292.9215,289.92603,0.09470168,0.07156424,0.045818068,0.26762348,0.100439526,0.036935177,2
0.12377678,292.7284,289.8502,0.09553856,0.07309781,0.04750319,0.27835703,0.11296419,0.042027634,2
0.12366841,292.74088,290.19284,0.09492103,0.07220828,0.048128933,0.26868027,0.105351195,0.038703095,2
0.12366841,292.74088,290.19284,0.09492103,0.07220828,0.048128933,0.26868027,0.105351195,0.038703095,2
0.12302641,292.80075,290.27274,0.09523015,0.07204677,0.046196196,0.27246997,0.100704566,0.03800554,2
0.12495753,292.7633,289.71582,0.09920785,0.079588845,0.05081681,0.28570396,0.11239351,0.0396633,2
0.12368429,292.7234,289.7279,0.09640223,0.07604259,0.04774622,0.28943318,0.10882449,0.040255066,2
0.121703416,292.67725,289.83084,0.09363955,0.07079394,0.044906817,0.25453472,0.10257183,0.03781235,2
0.12166182,292.70343,289.79953,0.09383179,0.069500074,0.045140307,0.25694734,0.10048966,0.037744857,2
0.12261624,292.802,289.96307,0.09519109,0.0752615,0.047031045,0.3138458,0.11600271,0.03889173,2
0.12214397,293.0459,289.9765,0.09394866,0.07136223,0.04519447,0.2623043,0.101567015,0.034750916,2
0.12321599,293.16156,290.0595,0.095479734,0.07578304,0.04732165,0.32382035,0.12595299,0.043422632,2
0.122006595,293.0013,290.02362,0.0946092,0.0730737,0.04556256,0.29274604,0.104175426,0.03888546,2
0.122317694,293.01376,290.10248,0.09429148,0.073191084,0.04667797,0.29796606,0.10690802,0.036464296,2
0.122317694,293.01376,290.10248,0.09429148,0.073191084,0.04667797,0.29796606,0.10690802,0.036464296,2
0.12343925,293.0685,290.08124,0.096203014,0.07780977,0.04970801,0.31528848,0.13411726,0.051634952,2
0.12535653,293.0424,290.1302,0.09897947,0.08138247,0.054041155,0.30407932,0.13697295,0.055950724,2
0.12334704,292.84436,290.1587,0.09683572,0.07669909,0.04813715,0.30825257,0.122789994,0.045741715,2
0.12231901,292.9403,290.062,0.095648855,0.07476784,0.048980832,0.31050643,0.12404394,0.044137366,2
0.12236923,293.06973,290.12753,0.09446784,0.07232134,0.04575406,0.2673861,0.10352523,0.03726082,2
0.121182285,293.00876,290.14383,0.093413666,0.07059184,0.044148713,0.26431882,0.09819028,0.03503555,2
0.12171994,292.92654,290.12897,0.09438923,0.072405204,0.045550905,0.26114243,0.09640269,0.034695305,2
0.1216691,292.8443,290.09924,0.094404444,0.07190819,0.04518275,0.2678046,0.09514952,0.03492722,2
0.12175366,292.8493,290.08435,0.09388861,0.07202807,0.045473136,0.2685035,0.098783046,0.03641125,2
0.121631466,292.82812,290.05014,0.09401809,0.07326149,0.045886457,0.28425777,0.107258394,0.03906079,2
0.12224308,293.04095,290.16913,0.09408807,0.07200823,0.045270674,0.27180547,0.10358368,0.039180446,2
0.12314797,293.01843,290.15137,0.09491171,0.07352885,0.046744604,0.26650444,0.10879459,0.039637312,2
0.122928664,293.17883,290.23425,0.09533839,0.073859185,0.047353663,0.2958492,0.117640756,0.042662606,2
0.12319166,293.50677,290.2905,0.09590777,0.072263405,0.045933317,0.2664542,0.09899509,0.03642035,2
0.12319166,293.50677,290.2905,0.09590777,0.072263405,0.045933317,0.2664542,0.09899509,0.03642035,2
0.12359326,293.39767,290.2757,0.09641904,0.07389592,0.046510622,0.28732172,0.10911639,0.04056188,2
0.12373974,293.3406,290.24316,0.095983066,0.07273633,0.048468877,0.26753956,0.10219704,0.038202465,2
0.12373974,293.3406,290.24316,0.095983066,0.07273633,0.048468877,0.26753956,0.10219704,0.038202465,2
0.123041056,293.62073,290.2757,0.095606565,0.07279333,0.045867402,0.2690869,0.10948942,0.03888017,2
0.12371876,293.68015,290.28458,0.09630937,0.07585357,0.047365405,0.31625685,0.122747324,0.04260984,2
0.12369885,293.304,290.20172,0.095387965,0.0715395,0.044910617,0.26276845,0.10650928,0.03811398,2
0.12230317,293.26297,290.03137,0.09388593,0.06846471,0.043672346,0.21037123,0.08295336,0.03149862,2
0.12369885,293.304,290.20172,0.095387965,0.0715395,0.044910617,0.26276845,0.10650928,0.03811398,2
0.1232677,293.2953,290.1247,0.095274314,0.07330215,0.046188418,0.24894208,0.10747512,0.040530015,2
0.12256604,293.24564,289.97058,0.094487,0.07149069,0.045146912,0.26155645,0.10220648,0.037447818,2
0.12256604,293.24564,289.97058,0.094487,0.07149069,0.045146912,0.26155645,0.10220648,0.037447818,2
0.12424904,293.20233,289.9602,0.09631332,0.073576465,0.047634356,0.258545,0.10551715,0.040971406,2
0.12383094,293.1911,289.9157,0.09621951,0.07364908,0.047441583,0.26253837,0.10329436,0.03935052,2
0.12425047,293.17233,289.9231,0.09608744,0.07141738,0.0460386,0.2658071,0.10511659,0.03847103,2
0.123307005,293.21204,289.9098,0.09552872,0.0739681,0.046360157,0.3095923,0.12629816,0.04604426,2
0.124514475,293.24677,289.9928,0.09750064,0.07296194,0.04599946,0.27861178,0.111709714,0.040659525,2
0.12514603,293.27783,290.02985,0.098389335,0.07681055,0.047849175,0.28732252,0.114886604,0.0399736,2
0.12514603,293.27783,290.02985,0.098389335,0.07681055,0.047849175,0.28732252,0.114886604,0.0399736,2
0.124514475,293.24677,289.9928,0.09750064,0.07296194,0.04599946,0.27861178,0.111709714,0.040659525,2
0.12459575,293.6554,290.07434,0.09599104,0.07340087,0.046241198,0.30622932,0.12627898,0.047504064,2
0.12459575,293.6554,290.07434,0.09599104,0.07340087,0.046241198,0.30622932,0.12627898,0.047504064,2
0.124976195,293.62814,290.05658,0.096847035,0.07229829,0.04615119,0.30021557,0.123685494,0.041965857,2
0.124976195,293.62814,290.05658,0.096847035,0.07229829,0.04615119,0.30021557,0.123685494,0.041965857,2
0.12452197,293.5935,290.02692,0.09738868,0.07409843,0.047321286,0.29837587,0.11040757,0.040278222,2
0.124756806,293.63806,290.13953,0.09637148,0.07456722,0.04687125,0.28295976,0.10555595,0.040750757,2
0.12425047,293.17233,289.9231,0.09608744,0.07141738,0.0460386,0.2658071,0.10511659,0.03847103,2
0.12464671,293.1535,289.98685,0.09743887,0.07477997,0.047569145,0.2923379,0.1124605,0.041040618,2
0.12464671,293.1535,289.98685,0.09743887,0.07477997,0.047569145,0.2923379,0.1124605,0.041040618,2
0.1251902,293.68015,290.1573,0.09732259,0.07526852,0.04801884,0.32260832,0.12462165,0.04482842,2
0.12580842,293.69992,290.12177,0.09694215,0.07539944,0.047928832,0.3290421,0.13480271,0.04743604,2
0.12516865,293.25525,290.0121,0.09786772,0.07412659,0.046693042,0.26364553,0.105078176,0.03914046,2
0.12580842,293.7667,290.25204,0.098487705,0.077721216,0.049907885,0.35384294,0.14248873,0.051268112,2
0.12314797,293.01843,290.15137,0.09491171,0.07352885,0.046744604,0.26650444,0.10879459,0.039637312,2
0.120772764,293.07098,290.15277,0.093163595,0.071734786,0.044387497,0.2575982,0.09625852,0.035604723,2
0.12205087,293.07837,290.1839,0.094846316,0.075551346,0.04772135,0.31701255,0.11827408,0.04235195,2
0.12205087,293.07837,290.1839,0.094846316,0.075551346,0.04772135,0.31701255,0.11827408,0.04235195,2
0.12383094,293.1911,289.9157,0.09621951,0.07364908,0.047441583,0.26253837,0.10329436,0.03935052,2
0.123222336,293.17145,290.01654,0.09542955,0.07389444,0.046914242,0.2762531,0.10807232,0.04082817,2
0.12347295,293.1787,289.93347,0.09557158,0.071194045,0.04627156,0.2700243,0.105452806,0.03943401,2
0.12464671,293.1535,289.98685,0.09743887,0.07477997,0.047569145,0.2923379,0.1124605,0.041040618,2
0.123931885,293.19824,290.10248,0.09586942,0.07450263,0.046905823,0.31466782,0.1281651,0.044480816,2
0.12178605,293.69745,290.18692,0.09417585,0.07299789,0.04391762,0.31506875,0.118876316,0.041161377,2
0.12178605,293.69745,290.18692,0.09417585,0.07299789,0.04391762,0.31506875,0.118876316,0.041161377,2
0.12414546,293.75928,290.29938,0.09668587,0.075966075,0.048738897,0.34187326,0.13945803,0.049436454,2
0.1252466,293.24045,290.22836,0.09739855,0.07771234,0.04919087,0.33176756,0.13341407,0.048338734,2
0.12426095,293.15356,290.05798,0.09741966,0.07793538,0.049388483,0.34949222,0.1341748,0.045332044,2
0.12426095,293.15356,290.05798,0.09741966,0.07793538,0.049388483,0.34949222,0.1341748,0.045332044,2
0.12426095,293.15356,290.05798,0.09741966,0.07793538,0.049388483,0.34949222,0.1341748,0.045332044,2
0.12426095,293.15356,290.05798,0.09741966,0.07793538,0.049388483,0.34949222,0.1341748,0.045332044,2
0.12491134,293.16852,290.17358,0.097175285,0.07673839,0.04833944,0.29578954,0.120362744,0.042438485,2
0.1252466,293.24045,290.22836,0.09739855,0.07771234,0.04919087,0.33176756,0.13341407,0.048338734,2
0.12439748,293.2777,290.3038,0.09698772,0.07522228,0.047693662,0.32983994,0.12922773,0.046017297,2
0.12414546,293.75928,290.29938,0.09668587,0.075966075,0.048738897,0.34187326,0.13945803,0.049436454,2
0.12504907,293.8186,290.34372,0.09801215,0.07677615,0.049863987,0.35561848,0.12661704,0.04575272,2
0.12547553,293.74445,290.18692,0.09727503,0.07684365,0.048783008,0.35543874,0.12987442,0.044490103,2
0.123014525,293.25085,290.03583,0.09547709,0.07400551,0.046855666,0.2715881,0.10742095,0.038003184,2
0.122770146,293.19763,290.12177,0.09478992,0.07405364,0.046650536,0.31749123,0.11865211,0.04038011,2
0.122410804,292.87427,289.9911,0.0953463,0.076968275,0.04843068,0.31325218,0.117988914,0.04204829,2
0.12411749,292.72836,289.90198,0.09763518,0.07634866,0.047645066,0.29885527,0.11247216,0.038432475,2
0.12295115,292.77332,289.89325,0.095701694,0.07417822,0.047211908,0.29736564,0.10659738,0.03792323,2
0.122624844,293.0324,290.0965,0.094805375,0.07366705,0.04621876,0.30304348,0.10963031,0.03840393,2
0.12202574,293.03867,290.02643,0.094106585,0.073047906,0.04600419,0.28559655,0.101974845,0.03610255,2
0.123819165,293.66776,290.1958,0.097227484,0.074278444,0.04733893,0.28920957,0.10764862,0.039733574,2
0.123819165,293.66776,290.1958,0.097227484,0.074278444,0.04733893,0.28920957,0.10764862,0.039733574,2
0.12472277,293.68756,290.23428,0.09701218,0.07731619,0.048625626,0.33085546,0.12636043,0.04413162,2
0.12569349,293.30765,290.06836,0.09925814,0.0795964,0.05009631,0.29555795,0.115478724,0.045046978,2
0.12569349,293.30765,290.06836,0.09925814,0.0795964,0.05009631,0.29555795,0.115478724,0.045046978,2
0.12514603,293.27783,290.02985,0.098389335,0.07681055,0.047849175,0.28732252,0.114886604,0.0399736,2
0.12227777,294.1436,290.61127,0.09503855,0.073518,0.045933843,0.318667,0.12368317,0.04352264,2
0.1260462,293.75928,290.19876,0.09770304,0.07799124,0.049701273,0.38164365,0.14228518,0.050769262,2
0.12673724,293.83096,290.3792,0.09808348,0.07818145,0.050696556,0.3542224,0.14253397,0.051911652,2
0.12257747,294.24,290.883,0.095939726,0.07614283,0.04753942,0.33432025,0.12995403,0.046067998,2
0.123615816,294.17474,290.85498,0.09692134,0.07858011,0.050118953,0.36873186,0.14077088,0.05057793,2
0.123461485,294.19305,290.8447,0.0969065,0.07877352,0.05005615,0.35969296,0.13848975,0.050710388,2
0.123461485,294.19305,290.8447,0.0969065,0.07877352,0.05005615,0.35969296,0.13848975,0.050710388,2
0.12642664,293.7964,290.29346,0.09796459,0.07868078,0.049188934,0.3473785,0.13764977,0.050066505,2
0.12642664,293.7964,290.29346,0.09796459,0.07868078,0.049188934,0.3473785,0.13764977,0.050066505,2
0.12597486,293.75186,290.10693,0.09737015,0.07520922,0.047366288,0.28717855,0.119602405,0.042997915,2
0.125612,293.27753,290.07434,0.09832922,0.07486289,0.04667054,0.2463305,0.10336141,0.038998395,2
0.125612,293.27753,290.07434,0.09832922,0.07486289,0.04667054,0.2463305,0.10336141,0.038998395,2
0.124195665,293.86804,290.2402,0.09568187,0.071951665,0.04477871,0.2835677,0.11672529,0.04056188,2
0.124798074,293.8038,290.21652,0.09644281,0.07157823,0.04664623,0.27970606,0.113667004,0.040160727,2
0.124982975,293.74197,290.23724,0.097227484,0.075375825,0.04837887,0.28554472,0.116685405,0.04337073,2
0.124982975,293.74197,290.23724,0.097227484,0.075375825,0.04837887,0.28554472,0.116685405,0.04337073,2
0.123643465,293.69745,290.21356,0.096585475,0.07580856,0.04705629,0.3281301,0.13031307,0.046152733,2
0.123041056,293.62073,290.2757,0.095606565,0.07279333,0.045867402,0.2690869,0.10948942,0.03888017,2
0.12472277,293.68756,290.23428,0.09701218,0.07731619,0.048625626,0.33085546,0.12636043,0.04413162,2
0.123643465,293.69745,290.21356,0.096585475,0.07580856,0.04705629,0.3281301,0.13031307,0.046152733,2
0.1259273,293.67764,290.2106,0.098939486,0.076932035,0.04948146,0.2996271,0.11815928,0.04239584,2
0.12464747,293.74197,290.2609,0.09630937,0.07643861,0.046889845,0.3134951,0.12836301,0.0447974,2
0.124798074,293.8038,290.21652,0.09644281,0.07157823,0.04664623,0.27970606,0.113667004,0.040160727,2
0.124195665,293.86804,290.2402,0.09568187,0.071951665,0.04477871,0.2835677,0.11672529,0.04056188,2
0.124195665,293.86804,290.2402,0.09568187,0.071951665,0.04477871,0.2835677,0.11672529,0.04056188,2
0.1254042,293.9199,290.38217,0.09717993,0.07567356,0.049265098,0.33692932,0.13296688,0.04869118,2
0.123510145,294.18225,290.8462,0.09665643,0.079114005,0.049957905,0.36977172,0.14231446,0.05024886,2
0.12626019,293.85568,290.3319,0.097917035,0.07799123,0.05085407,0.36147034,0.14078425,0.050426535,2
0.123510145,294.18225,290.8462,0.09665643,0.079114005,0.049957905,0.36977172,0.14231446,0.05024886,2
0.12272142,294.20447,290.88153,0.09612357,0.07675357,0.048915282,0.331286,0.13292173,0.048461434,2
0.12245627,294.21298,290.88446,0.09570705,0.07532314,0.04722272,0.33304894,0.12710837,0.044966217,2
0.12245627,294.21298,290.88446,0.09570705,0.07532314,0.04722272,0.33304894,0.12710837,0.044966217,2
0.12245627,294.21298,290.88446,0.09570705,0.07532314,0.04722272,0.33304894,0.12710837,0.044966217,2
0.12673724,293.83096,290.3792,0.09808348,0.07818145,0.050696556,0.3542224,0.14253397,0.051911652,2
0.12514603,293.27783,290.02985,0.098389335,0.07681055,0.047849175,0.28732252,0.114886604,0.0399736,2
0.1250341,293.0246,290.15582,0.098225266,0.07591891,0.048341937,0.26144117,0.11139502,0.04201264,2
0.123340175,293.09418,290.13654,0.0954117,0.073404685,0.04725623,0.2669152,0.10995866,0.042409457,2
0.12514263,292.85312,290.04767,0.097227484,0.07547078,0.04948146,0.31855223,0.1273827,0.048918914,2
0.12457587,293.5514,290.2609,0.09649037,0.07337833,0.046781242,0.27425197,0.10382331,0.039761018,2
0.12306616,293.63806,290.24612,0.095658146,0.07126602,0.045566145,0.23107222,0.09214274,0.03498964,2
0.12306616,293.63806,290.24612,0.095658146,0.07126602,0.045566145,0.23107222,0.09214274,0.03498964,2
0.12349286,293.6034,290.3112,0.095983066,0.07423344,0.046711423,0.30505544,0.115251064,0.040160276,2
0.123208106,293.0396,290.1869,0.09632658,0.07465251,0.0493301,0.28742096,0.10981427,0.042221054,2
0.1229082,293.0845,290.21353,0.09541436,0.07720512,0.049200613,0.31856853,0.12092765,0.043551102,2
0.12461567,293.0593,290.1558,0.097865134,0.07745016,0.048537448,0.2638479,0.10411969,0.041411825,2
0.12461567,293.0593,290.1558,0.097865134,0.07745016,0.048537448,0.2638479,0.10411969,0.041411825,2
0.12486474,293.10175,290.2328,0.09844129,0.07972929,0.050563388,0.34114987,0.12941939,0.046889953,2
0.12369752,293.102,290.22684,0.09595928,0.07841558,0.050142094,0.3352254,0.12982328,0.046942785,2
0.1229082,293.0845,290.21353,0.09541436,0.07720512,0.049200613,0.31856853,0.12092765,0.043551102,2
0.12369752,293.102,290.22684,0.09595928,0.07841558,0.050142094,0.3352254,0.12982328,0.046942785,2
0.12131107,293.02988,290.17795,0.09387402,0.07279864,0.046097793,0.26694727,0.102856874,0.03840234,2
0.12340625,293.08685,290.19724,0.09502798,0.07218906,0.045307793,0.25416324,0.10225624,0.03766291,2
0.12349286,293.6034,290.3112,0.095983066,0.07423344,0.046711423,0.30505544,0.115251064,0.040160276,2
0.12613139,294.02603,290.45605,0.09815481,0.07613656,0.049571466,0.32458907,0.1347251,0.050869923,2
0.12559442,293.93967,290.4265,0.09805971,0.07694501,0.049323946,0.32319343,0.12816241,0.04903553,2
0.12622693,294.06796,290.45013,0.098630376,0.07848628,0.05071137,0.34593064,0.14011872,0.049655363,2
0.12622693,294.06796,290.45013,0.098630376,0.07848628,0.05071137,0.34593064,0.14011872,0.049655363,2
0.12613139,294.02603,290.45605,0.09815481,0.07613656,0.049571466,0.32458907,0.1347251,0.050869923,2
0.12276533,294.26477,290.90067,0.09561768,0.07420014,0.047342006,0.3196187,0.12543532,0.044849675,2
0.12272142,294.20447,290.88153,0.09612357,0.07675357,0.048915282,0.331286,0.13292173,0.048461434,2
0.1269959,293.96432,290.43832,0.098178595,0.077676214,0.050674055,0.34917817,0.14123304,0.05036702,2
0.12681498,294.0137,290.4531,0.099058375,0.078396276,0.051304102,0.34425506,0.13609444,0.050314024,2
0.12622114,294.06055,290.46786,0.098677926,0.07650612,0.04977398,0.3310921,0.13306513,0.049571466,2
0.12210032,294.2378,290.88306,0.095122814,0.07254062,0.04529526,0.29758227,0.11840251,0.04268731,2
0.12516391,294.07782,290.4974,0.09744148,0.07529102,0.044834454,0.31916714,0.1310369,0.04862639,2
0.12629478,294.07535,290.48856,0.09917726,0.07811012,0.049494665,0.36976078,0.14123869,0.05091798,2
0.12622693,294.17148,290.4797,0.098749265,0.078062564,0.050089005,0.33912537,0.13344109,0.051745053,2
0.12667927,294.1222,290.4797,0.09834504,0.077743724,0.050696556,0.3475658,0.14158133,0.053719714,2
0.12650488,294.1641,290.53284,0.09972415,0.079543866,0.050895024,0.384924,0.14741333,0.05198246,2
0.12629478,294.07535,290.48856,0.09917726,0.07811012,0.049494665,0.36976078,0.14123869,0.05091798,2
0.1268376,294.13947,290.55353,0.09986682,0.08281813,0.049953997,0.37474304,0.15231806,0.0537568,2
0.1268376,294.13947,290.55353,0.09986682,0.08281813,0.049953997,0.37474304,0.15231806,0.0537568,2
0.1268376,294.13947,290.55353,0.09986682,0.08281813,0.049953997,0.37474304,0.15231806,0.0537568,2
0.12650488,294.1641,290.53284,0.09972415,0.079543866,0.050895024,0.384924,0.14741333,0.05198246,2
0.12557618,294.21335,290.524,0.09784048,0.07765834,0.048217434,0.35837796,0.1400751,0.05126233,2
0.12557618,294.21335,290.524,0.09784048,0.07765834,0.048217434,0.35837796,0.1400751,0.05126233,2
0.12516391,294.07782,290.4974,0.09744148,0.07529102,0.044834454,0.31916714,0.1310369,0.04862639,2
0.12439568,293.30402,290.2461,0.096635655,0.07711384,0.048195112,0.32861835,0.13327241,0.04657889,2
0.123327,293.09558,290.28302,0.09613634,0.07582566,0.04897189,0.32931474,0.12945399,0.04733914,2
0.123327,293.09558,290.28302,0.09613634,0.07582566,0.04897189,0.32931474,0.12945399,0.04733914,2
0.12228138,292.95508,290.1749,0.09416811,0.07368596,0.04665228,0.2829427,0.10901647,0.041633233,2
0.12255747,292.88788,290.1156,0.09444076,0.07486336,0.04713334,0.27314484,0.10671112,0.041254085,2
0.12215459,292.76825,290.0354,0.0945577,0.07364854,0.046457626,0.28996632,0.10613522,0.03960515,2
0.12242206,293.0584,290.14838,0.09470311,0.075194746,0.04813897,0.29931724,0.11180456,0.03979028,2
0.12345708,293.27075,290.1928,0.09608412,0.075957954,0.04803852,0.3287868,0.13122883,0.04894674,2
0.12300202,293.2779,290.0921,0.09502931,0.06946484,0.044373147,0.23911352,0.095485315,0.036719672,2
0.12557618,294.21335,290.524,0.09784048,0.07765834,0.048217434,0.35837796,0.1400751,0.05126233,2
0.124396466,294.20596,290.586,0.096585475,0.07606523,0.04766523,0.33629605,0.13115779,0.04834304,2
0.1273804,294.18134,290.6509,0.10005704,0.07998857,0.051304102,0.3784845,0.13986424,0.05188206,2
0.12394853,294.37195,290.93213,0.0981064,0.08129431,0.051503442,0.39705405,0.15775304,0.057336032,2
0.12365496,294.32397,290.88928,0.0973171,0.08029652,0.050166585,0.3812695,0.15807278,0.057413846,2
0.121873215,294.3105,290.87616,0.0950447,0.07380455,0.04526437,0.32763058,0.13712391,0.051672436,2
0.1273804,294.18134,290.6509,0.10005704,0.07998857,0.051304102,0.3784845,0.13986424,0.05188206,2
0.12559365,294.17886,290.68042,0.098749265,0.07722618,0.048668224,0.3563123,0.12852614,0.04615119,2
0.12554796,294.18134,290.7158,0.09881939,0.078823805,0.049924247,0.35320967,0.13824531,0.048446376,2
0.12649041,294.19858,290.73053,0.09991437,0.07875212,0.050921574,0.3366346,0.12780575,0.04589046,2
0.1273804,294.18134,290.6509,0.10005704,0.07998857,0.051304102,0.3784845,0.13986424,0.05188206,2
0.12610894,294.22073,290.79538,0.09984304,0.08044034,0.05211417,0.35750315,0.13656567,0.051184073,2
0.12307897,294.44446,290.97937,0.09716103,0.079561174,0.049072824,0.35827252,0.1392508,0.050537687,2
0.123055466,294.3769,290.94397,0.09698549,0.07928155,0.04883424,0.38126832,0.16067085,0.05861274,2
0.1251995,293.70874,290.435,0.09902193,0.07800722,0.04891131,0.28959495,0.11462852,0.044594172,2
0.1251995,293.70874,290.435,0.09902193,0.07800722,0.04891131,0.28959495,0.11462852,0.044594172,2
0.12457217,294.17148,290.64502,0.097338475,0.07725834,0.049246542,0.36472595,0.13824861,0.049346942,2
0.124396466,294.20596,290.586,0.096585475,0.07606523,0.04766523,0.33629605,0.13115779,0.04834304,2
0.1254042,293.9199,290.38217,0.09717993,0.07567356,0.049265098,0.33692932,0.13296688,0.04869118,2
0.12340625,293.08685,290.19724,0.09502798,0.07218906,0.045307793,0.25416324,0.10225624,0.03766291,2
0.12502821,293.7024,290.22836,0.09794082,0.07622923,0.048783902,0.30411673,0.12310735,0.043988954,2
0.12461567,293.0593,290.1558,0.097865134,0.07745016,0.048537448,0.2638479,0.10411969,0.041411825,2
0.12461567,293.0593,290.1558,0.097865134,0.07745016,0.048537448,0.2638479,0.10411969,0.041411825,2
0.12377031,293.39026,290.24612,0.09701348,0.077159,0.048828907,0.293854,0.115996785,0.044238538,2
0.1252101,293.123,290.26532,0.099077195,0.08372708,0.052952006,0.37178993,0.14184609,0.051999718,2
0.12228138,292.95508,290.1749,0.09416811,0.07368596,0.04665228,0.2829427,0.10901647,0.041633233,2
0.12207067,292.96014,290.16016,0.0943595,0.073132575,0.04659179,0.26443633,0.103442356,0.039298136,2
0.121845454,292.9278,290.10663,0.09397841,0.07089067,0.044904068,0.27393958,0.09655061,0.035058998,2
0.120772764,293.07098,290.15277,0.093163595,0.071734786,0.044387497,0.2575982,0.09625852,0.035604723,2
0.12215459,292.76825,290.0354,0.0945577,0.07364854,0.046457626,0.28996632,0.10613522,0.03960515,2
0.12208191,292.8094,290.0443,0.09403123,0.07456567,0.046266727,0.2776488,0.10540222,0.03910938,2
0.12255747,292.88788,290.1156,0.09444076,0.07486336,0.04713334,0.27314484,0.10671112,0.041254085,2
0.12369752,293.102,290.22684,0.09595928,0.07841558,0.050142094,0.3352254,0.12982328,0.046942785,2
0.12392342,293.24945,290.17355,0.09609667,0.07346459,0.04643915,0.2833922,0.11793363,0.040944695,2
0.12502375,293.7568,290.2668,0.0967757,0.075851224,0.0487614,0.32252324,0.13006364,0.04887391,2
0.12496036,293.7098,290.2609,0.09689459,0.074885994,0.048536383,0.32309294,0.13260311,0.050584044,2
0.12514263,292.85312,290.04767,0.097227484,0.07547078,0.04948146,0.31855223,0.1273827,0.048918914,2
0.12467257,293.8458,290.32895,0.097037256,0.07549456,0.048292734,0.3171291,0.13299407,0.050344065,2
0.12467257,293.8458,290.32895,0.097037256,0.07549456,0.048292734,0.3171291,0.13299407,0.050344065,2
0.12369366,293.78897,290.3112,0.096585475,0.07299584,0.046811823,0.28426525,0.117178924,0.041729927,2
0.12469086,293.91003,290.32007,0.09670437,0.07821626,0.049288053,0.3517138,0.13780697,0.04988649,2
0.12566149,293.96927,290.44424,0.09713237,0.07587607,0.048468877,0.316327,0.12628846,0.044783067,2
0.12538041,294.01617,290.4738,0.096656814,0.07412093,0.04774882,0.31220865,0.12359574,0.044125494,2
0.12469086,293.91003,290.32007,0.09670437,0.07821626,0.049288053,0.3517138,0.13780697,0.04988649,2
0.12389447,293.71973,290.22244,0.09553126,0.07725412,0.04729407,0.33933097,0.13833933,0.049907885,2
0.12193665,293.6925,290.23132,0.09377425,0.07133344,0.04367984,0.27292016,0.102293186,0.035256967,2
0.123056695,293.31152,290.21204,0.09465872,0.07358539,0.04609269,0.28359067,0.1200009,0.04483995,2
0.123644635,292.7808,290.1099,0.09580081,0.07161877,0.046257768,0.24375597,0.103987426,0.038406573,2
0.12514263,292.85312,290.04767,0.097227484,0.07547078,0.04948146,0.31855223,0.1273827,0.048918914,2
0.124734186,292.77582,290.04175,0.0961337,0.07487634,0.047096267,0.27145237,0.10659514,0.041830845,2
0.12191155,293.50928,290.24316,0.094050355,0.07270332,0.045700956,0.27454448,0.1108698,0.03856231,2
0.12371597,293.45224,290.28162,0.09610857,0.075993896,0.049076427,0.34917256,0.12808025,0.047066513,2
0.123525746,292.70844,290.08325,0.09461192,0.07192788,0.04660123,0.2522452,0.09571716,0.037127968,2
0.12369219,293.42746,290.3733,0.09610857,0.07753945,0.049413953,0.36524472,0.13757601,0.050934065,2
0.12191155,293.50928,290.24316,0.094050355,0.07270332,0.045700956,0.27454448,0.1108698,0.03856231,2
0.12161429,293.0805,290.34808,0.09337605,0.07021641,0.0443744,0.28242323,0.10954135,0.041466303,2
0.12369219,293.42746,290.3733,0.09610857,0.07753945,0.049413953,0.36524472,0.13757601,0.050934065,2
0.12329206,293.4696,290.26978,0.09641904,0.076188296,0.04840137,0.34031463,0.12757698,0.044799857,2
0.12366917,293.1054,290.3289,0.09706519,0.07684308,0.048017938,0.32011753,0.12581432,0.04843501,2
0.12297886,293.425,290.37625,0.09507946,0.07304084,0.046349596,0.3070067,0.11938841,0.042438395,2
0.12285997,293.54147,290.2609,0.09487348,0.07110569,0.046625078,0.22886582,0.09215109,0.035599705,2
0.12199721,294.2884,290.80835,0.09575461,0.07386892,0.046538517,0.30029213,0.1127754,0.040008605,2
0.123566344,294.2625,290.8464,0.09699865,0.079118535,0.050053194,0.3721147,0.14914489,0.05307533,2
0.12715423,294.06055,290.47083,0.099557705,0.079631895,0.050696556,0.36224574,0.14189635,0.050882638,2
0.12715423,294.06055,290.47083,0.099557705,0.079631895,0.050696556,0.36224574,0.14189635,0.050882638,2
